CODGEO;Code département;Code de la commune;LIBGEO;population_totale;taux_diplome_universitaire_total;taux_bac_ou_moins_total;taux_universitaire_16_24_ans;taux_bac_ou_moins_16_24_ans;taux_universitaire_25_ans_et_plus;taux_bac_ou_moins_25_ans_et_plus
22001;22;001;Allineuc;531;25.05;74.95;50.0;50.0;24.57;75.43
22002;22;002;Andel;1110;23.06;76.94;16.95;83.05;23.41;76.59
22003;22;003;Aucaleuc;793;18.16;81.84;7.58;92.42;19.12;80.88
22004;22;004;Bégard;4604;19.09;80.91;12.73;87.27;19.5;80.5
22005;22;005;Belle-Isle-en-Terre;1021;19.49;80.51;19.48;80.52;19.49;80.51
22006;22;006;Berhet;206;9.22;90.78;0.0;100.0;9.64;90.36
22008;22;008;Bobital;1145;22.97;77.03;23.64;76.36;22.94;77.06
22009;22;009;Le Bodéo;146;18.49;81.51;0.0;100.0;19.01;80.99
22011;22;011;Boqueho;883;16.42;83.58;26.32;73.68;15.98;84.02
22012;22;012;La Bouillie;817;19.71;80.29;16.67;83.33;19.82;80.18
22013;22;013;Bourbriac;1948;13.81;86.19;0.0;100.0;14.26;85.74
22014;22;014;Bourseul;999;16.22;83.78;22.95;77.05;15.78;84.22
22015;22;015;Bréhand;1542;16.47;83.53;10.71;89.29;17.05;82.95
22016;22;016;Île-de-Bréhat;469;27.72;72.28;0.0;100.0;28.82;71.18
22018;22;018;Brélidy;328;20.43;79.57;18.18;81.82;20.59;79.41
22019;22;019;Bringolo;398;22.86;77.14;;;22.86;77.14
22020;22;020;Broons;2723;16.89;83.11;21.21;78.79;16.61;83.39
22021;22;021;Brusvily;1052;14.92;85.08;6.33;93.67;15.62;84.38
22023;22;023;Bulat-Pestivien;418;25.6;74.4;43.75;56.25;24.09;75.91
22024;22;024;Calanhel;215;6.98;93.02;33.33;66.67;5.0;95.0
22025;22;025;Callac;2158;12.51;87.49;0.0;100.0;12.62;87.38
22026;22;026;Calorguen;648;19.29;80.71;17.11;82.89;19.58;80.42
22027;22;027;Le Cambout;380;14.47;85.53;40.0;60.0;13.06;86.94
22028;22;028;Camlez;815;22.82;77.18;22.22;77.78;22.84;77.16
22029;22;029;Canihuel;333;18.32;81.68;0.0;100.0;18.65;81.35
22030;22;030;Caouënnec-Lanvézéac;767;19.17;80.83;28.57;71.43;18.72;81.28
22031;22;031;Carnoët;675;18.52;81.48;40.0;60.0;17.69;82.31
22032;22;032;Caulnes;2426;21.89;78.11;10.85;89.15;22.51;77.49
22033;22;033;Caurel;357;17.37;82.63;0.0;100.0;18.02;81.98
22034;22;034;Cavan;1481;23.97;76.03;17.54;82.46;24.51;75.49
22035;22;035;Les Champs-Géraux;1075;24.19;75.81;8.33;91.67;24.93;75.07
22036;22;036;La Chapelle-Blanche;240;25.0;75.0;28.57;71.43;24.39;75.61
22037;22;037;La Chapelle-Neuve;410;22.68;77.32;27.59;72.41;22.31;77.69
22039;22;039;La Chèze;563;16.52;83.48;35.48;64.52;14.17;85.83
22040;22;040;Coadout;508;22.05;77.95;0.0;100.0;22.27;77.73
22041;22;041;Coatascorn;235;23.83;76.17;0.0;100.0;24.35;75.65
22042;22;042;Coatréven;460;20.22;79.78;0.0;100.0;20.44;79.56
22043;22;043;Coëtlogon;225;24.0;76.0;50.0;50.0;21.74;78.26
22044;22;044;Coëtmieux;1604;22.44;77.56;30.0;70.0;22.2;77.8
22045;22;045;Cohiniac;353;18.7;81.3;43.33;56.67;16.41;83.59
22046;22;046;Le Mené;5702;13.85;86.15;13.85;86.15;13.86;86.14
22047;22;047;Corlay;944;20.23;79.77;0.0;100.0;21.06;78.94
22048;22;048;Corseul;2156;18.92;81.08;9.62;90.38;19.65;80.35
22049;22;049;Créhen;1751;23.53;76.47;25.6;74.4;23.37;76.63
22050;22;050;Dinan;16944;25.8;74.2;19.91;80.09;26.21;73.79
22052;22;052;Duault;357;19.61;80.39;0.0;100.0;19.83;80.17
22053;22;053;Éréac;606;9.41;90.59;0.0;100.0;9.69;90.31
22054;22;054;Erquy;4183;17.95;82.05;18.9;81.1;17.92;82.08
22055;22;055;Binic-Étables-sur-Mer;7789;27.38;72.62;26.47;73.53;27.42;72.58
22056;22;056;Évran;1756;19.59;80.41;27.36;72.64;19.09;80.91
22057;22;057;Le Faouët;387;19.38;80.62;25.0;75.0;19.07;80.93
22059;22;059;Le Fœil;1174;15.42;84.58;0.0;100.0;16.05;83.95
22060;22;060;Gausson;545;16.51;83.49;38.24;61.76;15.07;84.93
22061;22;061;Glomel;1467;22.36;77.64;18.06;81.94;22.58;77.42
22062;22;062;Gomené;477;10.27;89.73;23.81;76.19;8.97;91.03
22063;22;063;Gommenec'h;508;16.93;83.07;0.0;100.0;17.34;82.66
22064;22;064;Gouarec;870;11.26;88.74;17.24;82.76;11.06;88.94
22065;22;065;Goudelin;1694;23.02;76.98;14.18;85.82;23.78;76.22
22067;22;067;Grâces;2535;20.47;79.53;32.5;67.5;20.28;79.72
22068;22;068;Grâce-Uzel;332;9.64;90.36;0.0;100.0;10.36;89.64
22069;22;069;Guenroc;198;17.17;82.83;0.0;100.0;18.09;81.91
22070;22;070;Guingamp;6701;21.07;78.93;18.37;81.63;21.46;78.54
22071;22;071;Guitté;588;19.22;80.78;36.11;63.89;18.12;81.88
22072;22;072;Gurunhuel;423;28.13;71.87;40.0;60.0;27.54;72.46
22073;22;073;La Harmoye;375;17.87;82.13;16.67;83.33;17.95;82.05
22074;22;074;Le Haut-Corlay;585;13.85;86.15;16.0;84.0;13.75;86.25
22075;22;075;Hémonstoir;563;6.93;93.07;17.39;82.61;6.48;93.52
22076;22;076;Hénanbihen;1380;22.03;77.97;27.93;72.07;21.51;78.49
22077;22;077;Hénansal;1120;21.7;78.3;33.75;66.25;20.77;79.23
22079;22;079;Hénon;2000;17.7;82.3;15.38;84.62;17.86;82.14
22081;22;081;Hillion;4388;25.05;74.95;24.03;75.97;25.08;74.92
22082;22;082;Le Hinglé;910;18.9;81.1;26.97;73.03;18.03;81.97
22083;22;083;Illifaut;602;14.12;85.88;15.38;84.62;14.06;85.94
22084;22;084;Jugon-les-Lacs - Commune nouvelle;2411;21.24;78.76;13.74;86.26;21.67;78.33
22085;22;085;Kerbors;328;24.7;75.3;0.0;100.0;25.31;74.69
22086;22;086;Kerfot;620;17.9;82.1;0.0;100.0;18.72;81.28
22087;22;087;Kergrist-Moëlou;632;19.94;80.06;0.0;100.0;20.59;79.41
22088;22;088;Kerien;251;19.12;80.88;33.33;66.67;18.22;81.78
22090;22;090;Kermaria-Sulard;1071;23.25;76.75;0.0;100.0;23.92;76.08
22091;22;091;Kermoroc'h;354;18.64;81.36;20.0;80.0;18.54;81.46
22092;22;092;Kerpert;210;13.81;86.19;0.0;100.0;14.36;85.64
22093;22;093;Lamballe-Armor;17941;23.68;76.32;21.07;78.93;23.85;76.15
22094;22;094;Lancieux;1859;29.21;70.79;31.08;68.92;29.13;70.87
22095;22;095;Landebaëron;162;19.14;80.86;0.0;100.0;20.67;79.33
22096;22;096;Landébia;409;10.27;89.73;13.43;86.57;9.65;90.35
22097;22;097;La Landec;747;24.23;75.77;38.54;61.46;22.12;77.88
22098;22;098;Landéhen;1347;22.94;77.06;24.31;75.69;22.78;77.22
22099;22;099;Lanfains;941;17.53;82.47;22.22;77.78;17.3;82.7
22101;22;101;Langoat;1127;23.78;76.22;18.75;81.25;24.16;75.84
22103;22;103;Langrolay-sur-Rance;992;26.41;73.59;16.0;84.0;26.68;73.32
22104;22;104;Languédias;495;18.18;81.82;38.1;61.9;17.3;82.7
22105;22;105;Languenan;964;14.32;85.68;0.0;100.0;14.67;85.33
22106;22;106;Langueux;8008;24.9;75.1;16.31;83.69;25.21;74.79
22107;22;107;Bon Repos sur Blavet;1294;21.41;78.59;41.82;58.18;20.5;79.5
22108;22;108;Lanleff;140;25.0;75.0;0.0;100.0;25.93;74.07
22109;22;109;Lanloup;258;26.74;73.26;0.0;100.0;27.6;72.4
22110;22;110;Lanmérin;531;20.15;79.85;24.14;75.86;19.66;80.34
22111;22;111;Lanmodez;369;11.38;88.62;50.0;50.0;10.53;89.47
22112;22;112;Lannebert;401;22.44;77.56;0.0;100.0;23.02;76.98
22113;22;113;Lannion;21723;27.68;72.32;23.82;76.18;27.98;72.02
22114;22;114;Lanrelas;714;8.96;91.04;0.0;100.0;9.5;90.5
22115;22;115;Lanrivain;429;22.61;77.39;0.0;100.0;23.26;76.74
22116;22;116;Lanrodec;1250;21.6;78.4;3.29;96.71;24.13;75.87
22117;22;117;Lantic;1666;23.11;76.89;13.4;86.6;23.71;76.29
22118;22;118;Lanvallay;4470;26.24;73.76;13.6;86.4;26.61;73.39
22119;22;119;Lanvellec;599;21.7;78.3;0.0;100.0;22.03;77.97
22121;22;121;Lanvollon;1825;20.38;79.62;20.75;79.25;20.36;79.64
22122;22;122;Laurenan;677;17.58;82.42;22.41;77.59;17.12;82.88
22124;22;124;Lescouët-Gouarec;186;11.29;88.71;0.0;100.0;11.8;88.2
22126;22;126;Le Leslay;150;16.67;83.33;0.0;100.0;17.24;82.76
22127;22;127;Lézardrieux;1753;24.42;75.58;20.93;79.07;24.5;75.5
22128;22;128;Locarn;408;17.65;82.35;16.0;84.0;17.75;82.25
22129;22;129;Loc-Envel;73;27.4;72.6;50.0;50.0;24.62;75.38
22131;22;131;Loguivy-Plougras;766;15.27;84.73;19.61;80.39;14.97;85.03
22132;22;132;Lohuec;278;19.42;80.58;42.42;57.58;16.33;83.67
22133;22;133;Loscouët-sur-Meu;582;18.04;81.96;18.18;81.82;18.03;81.97
22134;22;134;Louannec;3335;25.64;74.36;16.67;83.33;25.94;74.06
22135;22;135;Louargat;2152;18.31;81.69;15.05;84.95;18.46;81.54
22136;22;136;Loudéac;9494;19.44;80.56;17.34;82.66;19.63;80.37
22137;22;137;Maël-Carhaix;1366;15.59;84.41;25.33;74.67;15.03;84.97
22138;22;138;Maël-Pestivien;321;17.45;82.55;0.0;100.0;18.18;81.82
22139;22;139;Magoar;75;26.67;73.33;0.0;100.0;28.57;71.43
22140;22;140;La Malhoure;541;22.18;77.82;27.59;72.41;21.88;78.13
22141;22;141;Mantallot;213;20.19;79.81;0.0;100.0;20.57;79.43
22143;22;143;Matignon;1654;13.18;86.82;0.0;100.0;13.29;86.71
22144;22;144;La Méaugon;1290;19.22;80.78;0.0;100.0;20.0;80.0
22145;22;145;Mégrit;804;19.65;80.35;9.09;90.91;20.43;79.57
22146;22;146;Mellionnec;425;27.06;72.94;25.0;75.0;27.16;72.84
22147;22;147;Merdrignac;2612;11.91;88.09;14.81;85.19;11.57;88.43
22148;22;148;Mérillac;235;23.4;76.6;33.33;66.67;22.73;77.27
22149;22;149;Merléac;443;20.09;79.91;25.0;75.0;19.71;80.29
22150;22;150;Le Merzer;972;24.18;75.82;29.33;70.67;23.75;76.25
22152;22;152;Minihy-Tréguier;1297;18.97;81.03;25.45;74.55;18.68;81.32
22153;22;153;Moncontour;738;13.01;86.99;0.0;100.0;13.22;86.78
22155;22;155;La Motte;1921;13.69;86.31;26.37;73.63;13.06;86.94
22156;22;156;Moustéru;628;19.43;80.57;21.21;78.79;19.22;80.78
22157;22;157;Le Moustoir;649;20.96;79.04;0.0;100.0;21.73;78.27
22158;22;158;Guerlédan;2503;20.34;79.66;9.18;90.82;20.79;79.21
22160;22;160;Noyal;958;26.41;73.59;33.33;66.67;26.19;73.81
22161;22;161;Pabu;2791;21.03;78.97;0.0;100.0;21.58;78.42
22162;22;162;Paimpol;8397;24.76;75.24;21.17;78.83;24.94;75.06
22163;22;163;Paule;686;20.85;79.15;20.83;79.17;20.85;79.15
22164;22;164;Pédernec;1765;20.79;79.21;31.09;68.91;20.05;79.95
22165;22;165;Penguily;537;18.06;81.94;24.72;75.28;16.74;83.26
22166;22;166;Penvénan;3043;25.86;74.14;27.68;72.32;25.79;74.21
22168;22;168;Perros-Guirec;8331;25.56;74.44;15.15;84.85;25.81;74.19
22169;22;169;Peumerit-Quintin;197;26.9;73.1;50.0;50.0;25.93;74.07
22170;22;170;Plaine-Haute;1622;21.82;78.18;25.0;75.0;21.57;78.43
22171;22;171;Plaintel;4373;23.97;76.03;29.09;70.91;23.55;76.45
22172;22;172;Plancoët;3114;17.5;82.5;13.02;86.98;17.76;82.24
22174;22;174;Pléboulle;692;16.04;83.96;16.67;83.33;16.01;83.99
22175;22;175;Plédéliac;1470;24.9;75.1;0.0;100.0;25.43;74.57
22176;22;176;Plédran;6196;18.06;81.94;13.93;86.07;18.31;81.69
22177;22;177;Pléguien;1379;23.93;76.07;28.57;71.43;23.76;76.24
22178;22;178;Pléhédel;1332;22.67;77.33;20.0;80.0;22.87;77.13
22179;22;179;Fréhel;1635;16.45;83.55;12.0;88.0;16.67;83.33
22180;22;180;Plélan-le-Petit;1840;20.6;79.4;14.29;85.71;20.98;79.02
22181;22;181;Plélauff;714;22.41;77.59;25.0;75.0;22.29;77.71
22182;22;182;Plélo;3010;19.37;80.63;13.39;86.61;19.63;80.37
22183;22;183;Plémet;3374;16.72;83.28;21.82;78.18;16.36;83.64
22184;22;184;Plémy;1442;18.38;81.62;23.53;76.47;18.05;81.95
22185;22;185;Plénée-Jugon;2299;16.14;83.86;15.88;84.12;16.16;83.84
22186;22;186;Pléneuf-Val-André;4647;25.52;74.48;8.18;91.82;25.94;74.06
22187;22;187;Plérin;15887;26.9;73.1;19.79;80.21;27.3;72.7
22188;22;188;Plerneuf;1041;25.17;74.83;13.56;86.44;25.87;74.13
22189;22;189;Plésidy;499;23.85;76.15;13.33;86.67;24.52;75.48
22190;22;190;Pleslin-Trigavou;3932;23.98;76.02;12.22;87.78;24.55;75.45
22193;22;193;Plestan;1478;17.46;82.54;21.05;78.95;17.21;82.79
22194;22;194;Plestin-les-Grèves;3864;22.31;77.69;17.65;82.35;22.43;77.57
22195;22;195;Pleubian;2485;17.46;82.54;22.0;78.0;17.27;82.73
22196;22;196;Pleudaniel;879;19.45;80.55;16.67;83.33;19.55;80.45
22197;22;197;Pleudihen-sur-Rance;2928;22.23;77.77;18.75;81.25;22.43;77.57
22198;22;198;Pleumeur-Bodou;4398;26.58;73.42;34.04;65.96;26.33;73.67
22199;22;199;Pleumeur-Gautier;1065;14.08;85.92;10.0;90.0;14.42;85.58
22200;22;200;Pléven;509;15.72;84.28;16.67;83.33;15.66;84.34
22201;22;201;Plévenon;883;24.69;75.31;21.95;78.05;24.82;75.18
22202;22;202;Plévin;714;17.65;82.35;11.63;88.37;18.03;81.97
22203;22;203;Plœuc-L'Hermitage;4014;20.43;79.57;20.66;79.34;20.41;79.59
22204;22;204;Ploëzal;1181;19.56;80.44;11.11;88.89;19.89;80.11
22205;22;205;Plorec-sur-Arguenon;405;13.58;86.42;0.0;100.0;14.47;85.53
22206;22;206;Châtelaudren-Plouagat;3872;23.63;76.37;29.34;70.66;23.25;76.75
22207;22;207;Plouaret;2225;18.88;81.12;23.26;76.74;18.61;81.39
22208;22;208;Plouasne;1583;17.44;82.56;19.23;80.77;17.27;82.73
22209;22;209;Beaussais-sur-Mer;4145;22.63;77.37;22.5;77.5;22.63;77.37
22210;22;210;Ploubazlanec;3307;24.64;75.36;14.06;85.94;24.85;75.15
22211;22;211;Ploubezre;3732;25.8;74.2;24.81;75.19;25.84;74.16
22212;22;212;Plouëc-du-Trieux;1045;15.12;84.88;0.0;100.0;15.72;84.28
22213;22;213;Plouër-sur-Rance;3926;30.62;69.38;22.22;77.78;31.02;68.98
22214;22;214;Plouézec;3215;18.01;81.99;12.5;87.5;18.27;81.73
22215;22;215;Ploufragan;11075;20.26;79.74;16.12;83.88;20.53;79.47
22216;22;216;Plougonver;745;14.77;85.23;14.06;85.94;14.83;85.17
22217;22;217;Plougras;400;15.25;84.75;16.0;84.0;15.2;84.8
22218;22;218;Plougrescant;1247;21.09;78.91;26.32;73.68;21.01;78.99
22219;22;219;Plouguenast-Langast;2259;18.64;81.36;28.95;71.05;18.09;81.91
22220;22;220;Plouguernével;1649;19.16;80.84;10.71;89.29;19.62;80.38
22221;22;221;Plouguiel;1744;18.06;81.94;8.62;91.38;18.39;81.61
22222;22;222;Plouha;4782;19.45;80.55;16.67;83.33;19.54;80.46
22223;22;223;Plouisy;1916;21.4;78.6;9.26;90.74;21.75;78.25
22224;22;224;Ploulec'h;1666;25.45;74.55;0.0;100.0;26.03;73.97
22225;22;225;Ploumagoar;5192;21.24;78.76;20.63;79.37;21.29;78.71
22226;22;226;Ploumilliau;2641;24.61;75.39;27.68;72.32;24.48;75.52
22227;22;227;Plounérin;774;20.03;79.97;25.0;75.0;19.61;80.39
22228;22;228;Plounévez-Moëdec;1350;14.44;85.56;22.73;77.27;13.71;86.29
22229;22;229;Plounévez-Quintin;960;13.75;86.25;8.0;92.0;14.07;85.93
22231;22;231;Plourac'h;373;19.84;80.16;20.0;80.0;19.83;80.17
22232;22;232;Plourhan;2160;26.25;73.75;15.66;84.34;26.67;73.33
22233;22;233;Plourivo;2227;21.87;78.13;20.97;79.03;21.89;78.11
22234;22;234;Plouvara;1075;19.26;80.74;27.62;72.38;18.35;81.65
22235;22;235;Plouzélambre;239;30.96;69.04;32.14;67.86;30.81;69.19
22236;22;236;Pludual;682;20.67;79.33;0.0;100.0;21.56;78.44
22237;22;237;Pluduno;1936;14.77;85.23;0.0;100.0;15.43;84.57
22238;22;238;Plufur;548;21.17;78.83;50.0;50.0;20.08;79.92
22239;22;239;Plumaudan;1220;19.75;80.25;16.67;83.33;19.91;80.09
22240;22;240;Plumaugat;999;14.01;85.99;0.0;100.0;14.51;85.49
22241;22;241;Plumieux;935;13.37;86.63;29.69;70.31;12.17;87.83
22242;22;242;Plurien;1584;19.32;80.68;27.03;72.97;18.94;81.06
22243;22;243;Plusquellec;546;20.15;79.85;0.0;100.0;20.52;79.48
22244;22;244;Plussulien;510;21.18;78.82;33.33;66.67;20.88;79.12
22245;22;245;Pluzunet;856;15.07;84.93;0.0;100.0;15.39;84.61
22246;22;246;Pommeret;2004;25.55;74.45;19.32;80.68;25.84;74.16
22248;22;248;Pommerit-le-Vicomte;1787;17.85;82.15;24.17;75.83;17.4;82.6
22249;22;249;Pont-Melvez;621;20.45;79.55;0.0;100.0;21.17;78.83
22250;22;250;Pontrieux;1024;18.75;81.25;0.0;100.0;19.26;80.74
22251;22;251;Pordic;7653;26.77;73.23;22.04;77.96;27.01;72.99
22254;22;254;Prat;1051;20.55;79.45;5.41;94.59;21.7;78.3
22255;22;255;La Prénessaye;775;14.97;85.03;14.06;85.94;15.05;84.95
22256;22;256;Quemper-Guézennec;1004;14.94;85.06;0.0;100.0;15.38;84.62
22257;22;257;Quemperven;391;25.58;74.42;0.0;100.0;27.1;72.9
22258;22;258;Quessoy;3797;21.7;78.3;26.21;73.79;21.3;78.7
22259;22;259;Quévert;4158;23.71;76.29;6.67;93.33;24.35;75.65
22260;22;260;Le Quillio;500;7.2;92.8;0.0;100.0;7.61;92.39
22261;22;261;Quintenic;354;24.86;75.14;0.0;100.0;25.81;74.19
22262;22;262;Quintin;2824;21.53;78.47;6.94;93.06;22.31;77.69
22263;22;263;Le Quiou;318;18.87;81.13;0.0;100.0;19.8;80.2
22264;22;264;La Roche-Jaudy;2543;18.36;81.64;9.52;90.48;19.07;80.93
22265;22;265;Rospez;1704;23.42;76.58;12.9;87.1;23.81;76.19
22266;22;266;Rostrenen;3137;17.02;82.98;0.0;100.0;17.72;82.28
22267;22;267;Rouillac;368;17.39;82.61;33.33;66.67;16.28;83.72
22268;22;268;Ruca;507;10.26;89.74;24.24;75.76;9.28;90.72
22269;22;269;Runan;212;13.21;86.79;;;13.21;86.79
22271;22;271;Saint-Adrien;360;21.67;78.33;19.05;80.95;21.83;78.17
22272;22;272;Saint-Agathon;2259;24.3;75.7;25.18;74.82;24.25;75.75
22273;22;273;Saint-Alban;2311;21.07;78.93;8.89;91.11;21.57;78.43
22274;22;274;Saint-André-des-Eaux;346;20.23;79.77;0.0;100.0;21.47;78.53
22275;22;275;Saint-Barnabé;1079;11.21;88.79;8.33;91.67;11.38;88.62
22276;22;276;Saint-Bihy;275;30.55;69.45;20.0;80.0;31.6;68.4
22277;22;277;Saint-Brandan;2120;16.51;83.49;28.13;71.88;15.76;84.24
22278;22;278;Saint-Brieuc;45813;26.19;73.81;19.69;80.31;26.76;73.24
22279;22;279;Saint-Caradec;1078;16.6;83.4;14.75;85.25;16.72;83.28
22280;22;280;Saint-Carné;1039;23.77;76.23;23.53;76.47;23.79;76.21
22281;22;281;Saint-Carreuc;1295;12.82;87.18;0.0;100.0;13.39;86.61
22282;22;282;Saint-Cast-le-Guildo;3964;24.45;75.55;27.2;72.8;24.36;75.64
22283;22;283;Saint-Clet;881;19.18;80.82;23.68;76.32;18.76;81.24
22284;22;284;Saint-Connan;266;12.78;87.22;0.0;100.0;13.49;86.51
22285;22;285;Saint-Connec;257;14.79;85.21;0.0;100.0;15.83;84.17
22286;22;286;Saint-Denoual;446;21.3;78.7;20.0;80.0;21.36;78.64
22287;22;287;Saint-Donan;1384;21.46;78.54;7.41;92.59;22.03;77.97
22288;22;288;Saint-Étienne-du-Gué-de-l'Isle;298;7.38;92.62;0.0;100.0;7.59;92.41
22289;22;289;Saint-Fiacre;193;4.66;95.34;;;4.66;95.34
22291;22;291;Saint-Gildas;217;19.82;80.18;0.0;100.0;20.67;79.33
22293;22;293;Saint-Gilles-les-Bois;406;20.94;79.06;26.47;73.53;20.43;79.57
22294;22;294;Saint-Gilles-Pligeaux;307;20.52;79.48;0.0;100.0;21.5;78.5
22295;22;295;Saint-Gilles-Vieux-Marché;366;29.23;70.77;;;29.23;70.77
22296;22;296;Saint-Glen;575;17.57;82.43;0.0;100.0;18.0;82.0
22299;22;299;Saint-Hélen;1437;24.7;75.3;26.32;73.68;24.66;75.34
22300;22;300;Saint-Hervé;369;18.16;81.84;18.6;81.4;18.1;81.9
22302;22;302;Saint-Jacut-de-la-Mer;1095;29.68;70.32;14.81;85.19;30.06;69.94
22304;22;304;Saint-Jean-Kerdaniel;600;20.67;79.33;11.43;88.57;21.24;78.76
22305;22;305;Saint-Jouan-de-l'Isle;421;19.0;81.0;0.0;100.0;20.1;79.9
22306;22;306;Saint-Judoce;584;27.05;72.95;25.0;75.0;27.11;72.89
22307;22;307;Saint-Julien;1907;20.4;79.6;15.63;84.38;20.56;79.44
22308;22;308;Saint-Juvat;591;17.43;82.57;25.0;75.0;17.16;82.84
22309;22;309;Saint-Launeuc;176;21.02;78.98;0.0;100.0;21.51;78.49
22310;22;310;Saint-Laurent;435;17.01;82.99;13.79;86.21;17.24;82.76
22311;22;311;Saint-Lormel;839;17.4;82.6;24.62;75.38;16.8;83.2
22312;22;312;Saint-Maden;223;26.91;73.09;50.0;50.0;26.05;73.95
22313;22;313;Saint-Martin-des-Prés;298;14.77;85.23;40.0;60.0;12.95;87.05
22314;22;314;Saint-Maudan;323;10.53;89.47;0.0;100.0;11.15;88.85
22315;22;315;Saint-Maudez;282;18.79;81.21;14.71;85.29;19.35;80.65
22316;22;316;Saint-Mayeux;456;20.18;79.82;17.39;82.61;20.32;79.68
22317;22;317;Saint-Méloir-des-Bois;256;16.8;83.2;42.86;57.14;12.67;87.33
22318;22;318;Saint-Michel-de-Plélan;299;16.72;83.28;0.0;100.0;18.05;81.95
22319;22;319;Saint-Michel-en-Grève;531;24.86;75.14;0.0;100.0;25.29;74.71
22320;22;320;Saint-Nicodème;197;24.87;75.13;0.0;100.0;26.92;73.08
22321;22;321;Saint-Nicolas-du-Pélem;1574;18.61;81.39;20.21;79.79;18.51;81.49
22322;22;322;Saint-Péver;383;22.19;77.81;0.0;100.0;22.49;77.51
22323;22;323;Saint-Pôtan;765;18.3;81.7;11.11;88.89;18.75;81.25
22324;22;324;Saint-Quay-Perros;1454;26.55;73.45;18.57;81.43;26.95;73.05
22325;22;325;Saint-Quay-Portrieux;3600;25.08;74.92;19.23;80.77;25.3;74.7
22326;22;326;Saint-Rieul;509;24.75;75.25;21.28;78.72;25.11;74.89
22327;22;327;Saint-Samson-sur-Rance;1532;23.17;76.83;37.74;62.26;22.65;77.35
22328;22;328;Saint-Servais;405;20.74;79.26;0.0;100.0;21.48;78.52
22330;22;330;Saint-Thélo;367;15.26;84.74;20.0;80.0;14.99;85.01
22331;22;331;Sainte-Tréphine;160;12.5;87.5;25.0;75.0;10.71;89.29
22332;22;332;Saint-Trimoël;480;22.92;77.08;33.33;66.67;22.58;77.42
22333;22;333;Saint-Vran;664;14.61;85.39;18.18;81.82;14.35;85.65
22334;22;334;Saint-Igeaux;90;0.0;100.0;;;0.0;100.0
22335;22;335;Senven-Léhart;224;20.09;79.91;33.33;66.67;19.14;80.86
22337;22;337;Sévignac;984;12.91;87.09;5.71;94.29;13.46;86.54
22338;22;338;Squiffiec;746;21.58;78.42;29.79;70.21;21.03;78.97
22339;22;339;Taden;2839;29.52;70.48;31.88;68.12;29.33;70.67
22340;22;340;Tonquédec;1243;27.27;72.73;29.13;70.87;27.06;72.94
22341;22;341;Tramain;628;16.72;83.28;9.3;90.7;17.26;82.74
22342;22;342;Trébédan;351;16.81;83.19;38.6;61.4;12.59;87.41
22343;22;343;Trébeurden;4605;30.42;69.58;14.41;85.59;30.84;69.16
22344;22;344;Trébrivan;754;21.88;78.12;19.51;80.49;22.02;77.98
22345;22;345;Trébry;784;21.43;78.57;13.79;86.21;21.72;78.28
22346;22;346;Trédaniel;789;13.94;86.06;10.96;89.04;14.25;85.75
22347;22;347;Trédarzec;1065;19.53;80.47;15.25;84.75;19.78;80.22
22348;22;348;Trédias;426;12.91;87.09;0.0;100.0;13.38;86.62
22349;22;349;Trédrez-Locquémeau;1533;22.64;77.36;22.06;77.94;22.66;77.34
22350;22;350;Tréduder;184;33.15;66.85;0.0;100.0;34.66;65.34
22351;22;351;Treffrin;515;20.0;80.0;0.0;100.0;21.02;78.98
22352;22;352;Tréfumel;235;10.64;89.36;0.0;100.0;11.11;88.89
22353;22;353;Trégastel;3080;29.64;70.36;36.56;63.44;29.43;70.57
22354;22;354;Tréglamus;935;18.18;81.82;21.43;78.57;17.92;82.08
22356;22;356;Trégomeur;895;25.47;74.53;30.65;69.35;25.09;74.91
22358;22;358;Trégonneau;494;19.23;80.77;21.95;78.05;18.98;81.02
22359;22;359;Trégrom;409;20.54;79.46;0.0;100.0;20.95;79.05
22360;22;360;Trégueux;8127;20.04;79.96;25.0;75.0;19.72;80.28
22361;22;361;Tréguidel;628;21.02;78.98;29.85;70.15;19.96;80.04
22362;22;362;Tréguier;2640;23.52;76.48;11.45;88.55;24.15;75.85
22363;22;363;Trélévern;1500;29.33;70.67;0.0;100.0;29.53;70.47
22364;22;364;Trélivan;2797;19.13;80.87;32.08;67.92;18.35;81.65
22365;22;365;Trémargat;155;25.81;74.19;;;25.81;74.19
22366;22;366;Trémel;408;17.16;82.84;11.11;88.89;17.74;82.26
22368;22;368;Tréméreuc;747;24.63;75.37;20.83;79.17;24.76;75.24
22369;22;369;Trémeur;722;21.88;78.12;28.57;71.43;21.47;78.53
22370;22;370;Tréméven;375;18.67;81.33;0.0;100.0;20.0;80.0
22371;22;371;Trémorel;982;16.6;83.4;24.29;75.71;16.01;83.99
22372;22;372;Trémuson;2110;20.66;79.34;18.12;81.88;20.84;79.16
22373;22;373;Tréogan;125;32.0;68.0;50.0;50.0;30.43;69.57
22375;22;375;Tressignaux;625;23.2;76.8;20.0;80.0;23.31;76.69
22376;22;376;Trévé;1513;20.62;79.38;14.55;85.45;20.85;79.15
22377;22;377;Tréveneuc;834;17.87;82.13;16.0;84.0;17.92;82.08
22378;22;378;Trévérec;214;22.9;77.1;30.77;69.23;22.39;77.61
22379;22;379;Trévou-Tréguignec;1804;32.04;67.96;50.0;50.0;31.82;68.18
22380;22;380;Trévron;595;14.79;85.21;0.0;100.0;15.28;84.72
22381;22;381;Trézény;351;27.35;72.65;0.0;100.0;27.99;72.01
22383;22;383;Troguéry;182;5.49;94.51;0.0;100.0;5.75;94.25
22384;22;384;Uzel;1081;21.55;78.45;27.71;72.29;21.04;78.96
22385;22;385;La Vicomté-sur-Rance;1200;29.42;70.58;0.0;100.0;30.2;69.8
22386;22;386;Le Vieux-Bourg;648;21.45;78.55;50.0;50.0;21.09;78.91
22387;22;387;Le Vieux-Marché;1183;16.57;83.43;0.0;100.0;17.03;82.97
22388;22;388;Vildé-Guingalan;1174;21.04;78.96;16.67;83.33;21.35;78.65
22389;22;389;Yffiniac;4963;22.28;77.72;26.82;73.18;21.8;78.2
22390;22;390;Yvias;758;25.2;74.8;29.41;70.59;25.0;75.0
22391;22;391;Yvignac-la-Tour;1021;14.3;85.7;20.45;79.55;14.02;85.98
29001;29;001;Argol;952;22.37;77.63;0.0;100.0;22.9;77.1
29002;29;002;Arzano;1473;20.77;79.23;20.48;79.52;20.79;79.21
29003;29;003;Audierne;4071;20.85;79.15;20.29;79.71;20.87;79.13
29004;29;004;Bannalec;5363;18.29;81.71;9.48;90.52;18.65;81.35
29005;29;005;Baye;1329;22.72;77.28;7.69;92.31;23.5;76.5
29006;29;006;Bénodet;4643;29.31;70.69;26.15;73.85;29.4;70.6
29007;29;007;Berrien;954;21.28;78.72;0.0;100.0;22.09;77.91
29008;29;008;Beuzec-Cap-Sizun;1101;25.61;74.39;25.64;74.36;25.61;74.39
29010;29;010;Bodilis;1543;20.09;79.91;13.17;86.83;21.38;78.62
29011;29;011;Bohars;3913;28.7;71.3;25.0;75.0;28.84;71.16
29012;29;012;Bolazec;180;21.11;78.89;0.0;100.0;21.71;78.29
29013;29;013;Botmeur;247;30.36;69.64;33.33;66.67;29.95;70.05
29014;29;014;Botsorhel;417;18.23;81.77;50.0;50.0;16.96;83.04
29015;29;015;Bourg-Blanc;3486;24.67;75.33;19.86;80.14;24.87;75.13
29016;29;016;Brasparts;1093;25.16;74.84;24.07;75.93;25.22;74.78
29017;29;017;Brélès;804;21.27;78.73;24.53;75.47;21.04;78.96
29018;29;018;Brennilis;394;9.9;90.1;0.0;100.0;10.29;89.71
29019;29;019;Brest;144870;28.54;71.46;26.84;73.16;28.77;71.23
29020;29;020;Briec;5348;19.6;80.4;19.87;80.13;19.58;80.42
29021;29;021;Plounéour-Brignogan-plages;2176;24.91;75.09;34.21;65.79;24.74;75.26
29022;29;022;Camaret-sur-Mer;2586;17.44;82.56;3.85;96.15;18.01;81.99
29023;29;023;Carantec;4081;33.03;66.97;40.59;59.41;32.84;67.16
29024;29;024;Carhaix-Plouguer;7383;18.56;81.44;12.6;87.4;18.97;81.03
29025;29;025;Cast;1453;21.2;78.8;28.0;72.0;20.96;79.04
29026;29;026;Châteaulin;4979;21.15;78.85;18.5;81.5;21.35;78.65
29027;29;027;Châteauneuf-du-Faou;3468;16.06;83.94;15.18;84.82;16.11;83.89
29028;29;028;Cléden-Cap-Sizun;979;16.55;83.45;26.47;73.53;16.19;83.81
29029;29;029;Cléden-Poher;1068;19.66;80.34;10.26;89.74;20.02;79.98
29030;29;030;Cléder;3589;18.33;81.67;12.43;87.57;18.65;81.35
29031;29;031;Clohars-Carnoët;5183;27.28;72.72;21.17;78.83;27.45;72.55
29032;29;032;Clohars-Fouesnant;2375;29.05;70.95;9.62;90.38;29.94;70.06
29033;29;033;Le Cloître-Pleyben;524;13.74;86.26;29.23;70.77;11.55;88.45
29034;29;034;Le Cloître-Saint-Thégonnec;548;17.34;82.66;12.82;87.18;17.68;82.32
29035;29;035;Coat-Méal;1062;25.42;74.58;15.52;84.48;26.0;74.0
29036;29;036;Collorec;623;18.78;81.22;7.02;92.98;19.96;80.04
29037;29;037;Combrit;4759;28.72;71.28;20.14;79.86;28.98;71.02
29038;29;038;Commana;963;20.25;79.75;20.0;80.0;20.25;79.75
29039;29;039;Concarneau;22681;24.04;75.96;19.73;80.27;24.25;75.75
29040;29;040;Le Conquet;3103;25.1;74.9;0.0;100.0;25.59;74.41
29041;29;041;Coray;1751;16.96;83.04;16.22;83.78;17.01;82.99
29042;29;042;Crozon;7776;21.28;78.72;12.98;87.02;21.78;78.22
29043;29;043;Daoulas;1893;29.48;70.52;33.33;66.67;29.39;70.61
29044;29;044;Dinéault;1931;16.36;83.64;15.82;84.18;16.56;83.44
29045;29;045;Dirinon;2241;24.01;75.99;23.02;76.98;24.07;75.93
29046;29;046;Douarnenez;15747;23.85;76.15;22.4;77.6;23.91;76.09
29047;29;047;Le Drennec;1719;20.42;79.58;8.33;91.67;20.86;79.14
29048;29;048;Edern;2090;24.64;75.36;20.22;79.78;24.84;75.16
29049;29;049;Elliant;3241;22.93;77.07;20.23;79.77;23.08;76.92
29051;29;051;Ergué-Gabéric;8435;25.03;74.97;22.07;77.93;25.16;74.84
29053;29;053;Le Faou;2046;31.18;68.82;33.48;66.52;30.9;69.1
29054;29;054;La Feuillée;713;21.46;78.54;0.0;100.0;21.92;78.08
29055;29;055;Le Folgoët;3116;20.15;79.85;4.9;95.1;20.67;79.33
29056;29;056;La Forest-Landerneau;2024;30.58;69.42;23.08;76.92;30.83;69.17
29057;29;057;La Forêt-Fouesnant;3893;26.66;73.34;20.87;79.13;26.84;73.16
29058;29;058;Fouesnant;11566;27.29;72.71;18.67;81.33;27.59;72.41
29059;29;059;Garlan;1019;24.44;75.56;8.06;91.94;25.5;74.5
29060;29;060;Gouesnach;3058;27.93;72.07;14.29;85.71;28.35;71.65
29061;29;061;Gouesnou;6909;29.22;70.78;27.75;72.25;29.31;70.69
29062;29;062;Gouézec;1093;22.32;77.68;26.0;74.0;22.15;77.85
29063;29;063;Goulien;454;24.23;75.77;;;24.23;75.77
29064;29;064;Goulven;428;21.03;78.97;33.33;66.67;20.67;79.33
29065;29;065;Gourlizon;871;22.85;77.15;0.0;100.0;23.33;76.67
29066;29;066;Guengat;1743;23.87;76.13;19.57;80.43;24.11;75.89
29067;29;067;Guerlesquin;1229;16.44;83.56;29.55;70.45;15.95;84.05
29068;29;068;Guiclan;2352;22.92;77.08;18.52;81.48;23.18;76.82
29069;29;069;Guilers;8370;25.38;74.62;24.56;75.44;25.43;74.57
29070;29;070;Guiler-sur-Goyen;508;18.11;81.89;0.0;100.0;18.7;81.3
29071;29;071;Guilligomarc'h;711;19.69;80.31;18.0;82.0;19.82;80.18
29072;29;072;Guilvinec;2815;17.41;82.59;18.56;81.44;17.37;82.63
29073;29;073;Guimaëc;1029;26.04;73.96;7.41;92.59;27.08;72.92
29074;29;074;Guimiliau;1009;24.78;75.22;28.24;71.76;24.46;75.54
29075;29;075;Guipavas;16122;28.62;71.38;27.59;72.41;28.68;71.32
29076;29;076;Milizac-Guipronvel;4298;23.64;76.36;12.44;87.56;24.19;75.81
29077;29;077;Guissény;1962;22.53;77.47;9.76;90.24;22.8;77.2
29078;29;078;Hanvec;2145;29.79;70.21;26.32;73.68;29.95;70.05
29079;29;079;Henvic;1229;23.6;76.4;35.94;64.06;22.92;77.08
29080;29;080;Hôpital-Camfrout;2474;29.67;70.33;15.38;84.62;30.21;69.79
29081;29;081;Huelgoat;1470;15.1;84.9;11.76;88.24;15.18;84.82
29082;29;082;Île-de-Batz;546;25.64;74.36;33.33;66.67;25.47;74.53
29083;29;083;Île-de-Sein;304;18.75;81.25;;;18.75;81.25
29084;29;084;Île-Molène;171;14.62;85.38;33.33;66.67;12.82;87.18
29085;29;085;Île-Tudy;878;31.44;68.56;0.0;100.0;31.76;68.24
29086;29;086;Irvillac;1368;30.48;69.52;0.0;100.0;30.91;69.09
29087;29;087;Le Juch;709;21.16;78.84;28.57;71.43;20.69;79.31
29089;29;089;Kergloff;834;18.47;81.53;15.69;84.31;18.65;81.35
29090;29;090;Kerlaz;792;23.23;76.77;30.77;69.23;23.11;76.89
29091;29;091;Kerlouan;2107;16.75;83.25;21.13;78.87;16.6;83.4
29093;29;093;Kernilis;1266;22.75;77.25;15.79;84.21;23.08;76.92
29094;29;094;Kernouës;647;22.41;77.59;0.0;100.0;23.05;76.95
29095;29;095;Kersaint-Plabennec;1381;25.34;74.66;12.5;87.5;25.73;74.27
29097;29;097;Lampaul-Guimiliau;1856;18.32;81.68;4.81;95.19;19.12;80.88
29098;29;098;Lampaul-Plouarzel;2275;23.03;76.97;16.44;83.56;23.49;76.51
29099;29;099;Lampaul-Ploudalmézeau;763;23.46;76.54;16.98;83.02;23.94;76.06
29100;29;100;Lanarvily;363;25.07;74.93;27.78;72.22;24.93;75.07
29101;29;101;Landéda;4180;29.9;70.1;21.82;78.18;30.12;69.88
29102;29;102;Landeleau;890;14.04;85.96;13.33;86.67;14.11;85.89
29103;29;103;Landerneau;16739;25.62;74.38;22.07;77.93;25.84;74.16
29104;29;104;Landévennec;383;25.59;74.41;31.25;68.75;25.34;74.66
29105;29;105;Landivisiau;8894;20.18;79.82;14.93;85.07;20.61;79.39
29106;29;106;Landrévarzec;1819;24.46;75.54;8.77;91.23;25.51;74.49
29107;29;107;Landudal;868;20.85;79.15;8.33;91.67;21.78;78.22
29108;29;108;Landudec;1394;18.29;81.71;16.67;83.33;18.37;81.63
29109;29;109;Landunvez;1738;30.26;69.74;14.75;85.25;30.83;69.17
29110;29;110;Langolen;830;22.17;77.83;31.08;68.92;21.3;78.7
29111;29;111;Lanhouarneau;1111;13.59;86.41;7.14;92.86;14.12;85.88
29112;29;112;Lanildut;1020;24.41;75.59;20.0;80.0;24.62;75.38
29113;29;113;Lanmeur;2299;16.35;83.65;16.67;83.33;16.34;83.66
29114;29;114;Lannéanou;315;8.89;91.11;0.0;100.0;9.59;90.41
29115;29;115;Lannédern;252;10.71;89.29;0.0;100.0;11.07;88.93
29116;29;116;Lanneuffret;140;22.14;77.86;;;22.14;77.86
29117;29;117;Lannilis;5387;21.59;78.41;23.36;76.64;21.45;78.55
29119;29;119;Lanrivoaré;1512;25.26;74.74;31.31;68.69;24.84;75.16
29120;29;120;Lanvéoc;1792;15.74;84.26;19.73;80.27;14.94;85.06
29122;29;122;Laz;663;21.72;78.28;17.39;82.61;21.88;78.13
29123;29;123;Lennon;755;22.91;77.09;11.43;88.57;23.47;76.53
29124;29;124;Lesneven;7421;23.03;76.97;18.89;81.11;23.34;76.66
29125;29;125;Leuhan;711;13.92;86.08;33.33;66.67;13.25;86.75
29126;29;126;Loc-Brévalaire;195;30.77;69.23;33.33;66.67;30.56;69.44
29128;29;128;Loc-Eguiner;386;28.5;71.5;40.0;60.0;27.7;72.3
29130;29;130;Locmaria-Plouzané;5475;30.32;69.68;25.22;74.78;30.54;69.46
29131;29;131;Locmélar;466;24.46;75.54;33.33;66.67;23.52;76.48
29132;29;132;Locquénolé;928;30.6;69.4;0.0;100.0;31.17;68.83
29133;29;133;Locquirec;1678;25.21;74.79;11.36;88.64;25.58;74.42
29134;29;134;Locronan;879;29.81;70.19;0.0;100.0;30.25;69.75
29135;29;135;Loctudy;4657;24.37;75.63;16.35;83.65;24.56;75.44
29136;29;136;Locunolé;1053;18.52;81.48;11.11;88.89;18.85;81.15
29137;29;137;Logonna-Daoulas;2398;33.44;66.56;29.63;70.37;33.58;66.42
29139;29;139;Lopérec;859;24.56;75.44;0.0;100.0;25.15;74.85
29140;29;140;Loperhet;4069;30.25;69.75;18.75;81.25;30.63;69.37
29141;29;141;Loqueffret;328;18.9;81.1;;;18.9;81.1
29142;29;142;Lothey;425;20.0;80.0;0.0;100.0;20.73;79.27
29143;29;143;Mahalon;929;17.44;82.56;28.57;71.43;16.53;83.47
29144;29;144;La Martyre;676;20.12;79.88;18.18;81.82;20.18;79.82
29145;29;145;Confort-Meilars;830;19.4;80.6;33.96;66.04;18.4;81.6
29146;29;146;Melgven;3305;20.76;79.24;21.37;78.63;20.73;79.27
29147;29;147;Mellac;3079;21.66;78.34;12.5;87.5;22.03;77.97
29148;29;148;Mespaul;888;22.41;77.59;24.49;75.51;22.15;77.85
29150;29;150;Moëlan-sur-Mer;7496;23.52;76.48;21.83;78.17;23.57;76.43
29151;29;151;Morlaix;15656;24.69;75.31;19.02;80.98;25.12;74.88
29152;29;152;Motreff;684;17.11;82.89;21.74;78.26;16.59;83.41
29153;29;153;Névez;2949;21.53;78.47;18.1;81.9;21.66;78.34
29155;29;155;Ouessant;919;17.41;82.59;0.0;100.0;17.51;82.49
29156;29;156;Pencran;2054;26.68;73.32;28.57;71.43;26.58;73.42
29158;29;158;Penmarch;5518;19.19;80.81;7.74;92.26;19.52;80.48
29159;29;159;Peumerit;787;23.0;77.0;;;23.0;77.0
29160;29;160;Plabennec;8429;25.83;74.17;27.02;72.98;25.73;74.27
29161;29;161;Pleuven;3356;25.72;74.28;20.17;79.83;25.92;74.08
29162;29;162;Pleyben;3509;21.77;78.23;33.46;66.54;20.79;79.21
29163;29;163;Pleyber-Christ;3033;19.35;80.65;7.92;92.08;19.75;80.25
29165;29;165;Plobannalec-Lesconil;3923;25.06;74.94;21.43;78.57;25.19;74.81
29166;29;166;Ploéven;505;21.98;78.02;0.0;100.0;22.38;77.62
29167;29;167;Plogastel-Saint-Germain;2054;25.12;74.88;22.22;77.78;25.25;74.75
29168;29;168;Plogoff;1261;16.65;83.35;20.0;80.0;16.59;83.41
29169;29;169;Plogonnec;3229;21.59;78.41;18.32;81.68;21.72;78.28
29170;29;170;Plomelin;4464;26.97;73.03;18.62;81.38;27.25;72.75
29171;29;171;Plomeur;3794;20.53;79.47;10.37;89.63;20.91;79.09
29172;29;172;Plomodiern;2437;22.65;77.35;14.29;85.71;22.98;77.02
29173;29;173;Plonéis;2258;23.56;76.44;20.41;79.59;23.7;76.3
29174;29;174;Plonéour-Lanvern;6383;23.72;76.28;17.99;82.01;23.98;76.02
29175;29;175;Plonévez-du-Faou;2236;16.82;83.18;13.48;86.52;17.04;82.96
29176;29;176;Plonévez-Porzay;1880;24.84;75.16;19.63;80.37;25.16;74.84
29177;29;177;Plouarzel;3861;23.44;76.56;28.03;71.97;23.1;76.9
29178;29;178;Ploudalmézeau;6289;22.82;77.18;24.79;75.21;22.74;77.26
29179;29;179;Ploudaniel;3679;23.08;76.92;21.53;78.47;23.17;76.83
29180;29;180;Ploudiry;791;21.37;78.63;25.0;75.0;21.0;79.0
29181;29;181;Plouédern;2951;23.79;76.21;16.67;83.33;24.09;75.91
29182;29;182;Plouégat-Guérand;1084;26.85;73.15;27.03;72.97;26.84;73.16
29183;29;183;Plouégat-Moysan;669;19.43;80.57;25.0;75.0;19.0;81.0
29184;29;184;Plouénan;2460;19.76;80.24;25.81;74.19;19.35;80.65
29185;29;185;Plouescat;3531;17.36;82.64;17.07;82.93;17.37;82.63
29186;29;186;Plouezoc'h;1790;27.88;72.12;0.0;100.0;27.96;72.04
29187;29;187;Plougar;732;19.67;80.33;18.6;81.4;19.74;80.26
29188;29;188;Plougasnou;3353;26.13;73.87;23.29;76.71;26.19;73.81
29189;29;189;Plougastel-Daoulas;14634;30.57;69.43;24.82;75.18;30.79;69.21
29190;29;190;Plougonvelin;4917;31.91;68.09;30.77;69.23;31.95;68.05
29191;29;191;Plougonven;3401;21.29;78.71;26.89;73.11;20.87;79.13
29192;29;192;Plougoulm;1784;22.14;77.86;27.33;72.67;21.63;78.37
29193;29;193;Plougourvest;1403;23.66;76.34;24.64;75.36;23.61;76.39
29195;29;195;Plouguerneau;7048;24.8;75.2;26.78;73.22;24.7;75.3
29196;29;196;Plouguin;2069;23.25;76.75;30.16;69.84;22.8;77.2
29197;29;197;Plouhinec;4374;23.57;76.43;18.46;81.54;23.73;76.27
29198;29;198;Plouider;1741;20.28;79.72;27.84;72.16;19.83;80.17
29199;29;199;Plouigneau;4787;20.1;79.9;16.1;83.9;20.36;79.64
29201;29;201;Ploumoguer;2137;27.7;72.3;19.35;80.65;28.22;71.78
29202;29;202;Plounéour-Ménez;1221;20.56;79.44;20.29;79.71;20.57;79.43
29204;29;204;Plounéventer;2148;26.21;73.79;23.84;76.16;26.39;73.61
29205;29;205;Plounévézel;1131;22.81;77.19;34.48;65.52;21.84;78.16
29206;29;206;Plounévez-Lochrist;2283;20.19;79.81;21.97;78.03;20.05;79.95
29207;29;207;Plourin-lès-Morlaix;4688;24.15;75.85;17.93;82.07;24.56;75.44
29208;29;208;Plourin;1207;23.78;76.22;10.98;89.02;24.71;75.29
29209;29;209;Plouvien;3632;21.15;78.85;11.85;88.15;21.72;78.28
29210;29;210;Plouvorn;2711;20.29;79.71;20.0;80.0;20.31;79.69
29211;29;211;Plouyé;620;16.29;83.71;0.0;100.0;16.89;83.11
29212;29;212;Plouzané;12828;26.97;73.03;21.89;78.11;27.25;72.75
29213;29;213;Plouzévédé;1696;19.52;80.48;19.15;80.85;19.55;80.45
29214;29;214;Plovan;795;25.28;74.72;10.53;89.47;26.02;73.98
29215;29;215;Plozévet;3043;19.85;80.15;6.1;93.9;20.23;79.77
29216;29;216;Pluguffan;4307;26.03;73.97;28.03;71.97;25.9;74.1
29217;29;217;Pont-Aven;3007;20.35;79.65;16.5;83.5;20.49;79.51
29218;29;218;Pont-Croix;1755;21.14;78.86;17.53;82.47;21.35;78.65
29220;29;220;Pont-l'Abbé;8689;20.17;79.83;12.98;87.02;20.68;79.32
29221;29;221;Porspoder;2045;28.36;71.64;23.53;76.47;28.44;71.56
29222;29;222;Port-Launay;471;30.79;69.21;27.08;72.92;31.21;68.79
29224;29;224;Pouldergat;1211;21.55;78.45;0.0;100.0;22.79;77.21
29225;29;225;Pouldreuzic;2212;22.6;77.4;12.5;87.5;22.98;77.02
29226;29;226;Poullan-sur-Mer;1493;19.76;80.24;28.57;71.43;19.55;80.45
29227;29;227;Poullaouen;1546;17.21;82.79;24.43;75.57;16.54;83.46
29228;29;228;Primelin;670;18.21;81.79;0.0;100.0;18.46;81.54
29229;29;229;Quéménéven;1065;21.13;78.87;34.21;65.79;20.64;79.36
29230;29;230;Querrien;1574;15.63;84.37;0.0;100.0;16.68;83.32
29232;29;232;Quimper;68888;27.92;72.08;22.66;77.34;28.35;71.65
29233;29;233;Quimperlé;12654;24.18;75.82;19.78;80.22;24.45;75.55
29234;29;234;Rédené;3037;26.8;73.2;21.03;78.97;27.2;72.8
29235;29;235;Le Relecq-Kerhuon;13110;32.81;67.19;32.77;67.23;32.81;67.19
29236;29;236;Riec-sur-Bélon;4656;24.79;75.21;26.52;73.48;24.72;75.28
29237;29;237;La Roche-Maurice;1848;25.05;74.95;25.0;75.0;25.06;74.94
29238;29;238;Roscanvel;889;22.83;77.17;50.0;50.0;22.59;77.41
29239;29;239;Roscoff;3830;23.5;76.5;18.18;81.82;23.67;76.33
29240;29;240;Rosnoën;937;20.38;79.62;0.0;100.0;21.53;78.47
29241;29;241;Rosporden;7381;18.82;81.18;20.27;79.73;18.73;81.27
29243;29;243;Saint-Coulitz;440;22.95;77.05;0.0;100.0;23.38;76.62
29244;29;244;Saint-Derrien;750;22.67;77.33;19.15;80.85;22.9;77.1
29245;29;245;Saint-Divy;1614;28.69;71.31;18.92;81.08;29.16;70.84
29246;29;246;Saint-Eloy;196;22.96;77.04;50.0;50.0;21.51;78.49
29247;29;247;Saint-Évarzec;3618;24.63;75.37;24.04;75.96;24.66;75.34
29248;29;248;Saint-Frégant;708;16.95;83.05;0.0;100.0;17.83;82.17
29249;29;249;Saint-Goazec;724;17.82;82.18;23.64;76.36;17.34;82.66
29250;29;250;Saint-Hernin;671;13.56;86.44;18.0;82.0;13.2;86.8
29251;29;251;Saint-Jean-du-Doigt;703;23.33;76.67;50.0;50.0;23.02;76.98
29252;29;252;Saint-Jean-Trolimon;1006;26.84;73.16;9.09;90.91;27.65;72.35
29254;29;254;Saint-Martin-des-Champs;5071;22.76;77.24;24.55;75.45;22.65;77.35
29255;29;255;Saint-Méen;768;20.18;79.82;0.0;100.0;20.45;79.55
29256;29;256;Saint-Nic;842;26.37;73.63;0.0;100.0;26.78;73.22
29257;29;257;Saint-Pabu;2033;22.48;77.52;5.8;94.2;23.07;76.93
29259;29;259;Saint-Pol-de-Léon;6835;20.86;79.14;21.47;78.53;20.83;79.17
29260;29;260;Saint-Renan;8222;24.19;75.81;18.68;81.32;24.51;75.49
29261;29;261;Saint-Rivoal;231;30.3;69.7;;;30.3;69.7
29262;29;262;Saint-Sauveur;724;22.38;77.62;26.47;73.53;22.17;77.83
29263;29;263;Saint-Ségal;1058;25.8;74.2;0.0;100.0;26.43;73.57
29264;29;264;Saint-Servais;681;22.17;77.83;28.13;71.88;21.56;78.44
29265;29;265;Sainte-Sève;1062;23.07;76.93;0.0;100.0;23.93;76.07
29266;29;266;Saint-Thégonnec Loc-Eguiner;3028;24.11;75.89;22.95;77.05;24.16;75.84
29267;29;267;Saint-Thois;779;27.47;72.53;44.59;55.41;25.67;74.33
29268;29;268;Saint-Thonan;1934;31.9;68.1;32.99;67.01;31.85;68.15
29269;29;269;Saint-Thurien;977;19.86;80.14;10.81;89.19;20.21;79.79
29270;29;270;Saint-Urbain;1631;28.94;71.06;23.94;76.06;29.42;70.58
29271;29;271;Saint-Vougay;800;16.25;83.75;24.66;75.34;15.41;84.59
29272;29;272;Saint-Yvi;3169;22.28;77.72;19.23;80.77;22.41;77.59
29273;29;273;Santec;2522;24.46;75.54;17.44;82.56;24.71;75.29
29274;29;274;Scaër;4972;14.62;85.38;18.3;81.7;14.45;85.55
29275;29;275;Scrignac;716;13.97;86.03;0.0;100.0;14.16;85.84
29276;29;276;Sibiril;1196;21.32;78.68;23.08;76.92;21.24;78.76
29277;29;277;Sizun;2299;23.62;76.38;18.05;81.95;23.96;76.04
29278;29;278;Spézet;1634;14.01;85.99;20.0;80.0;13.79;86.21
29279;29;279;Taulé;2817;20.38;79.62;18.75;81.25;20.43;79.57
29280;29;280;Telgruc-sur-Mer;2203;25.24;74.76;24.05;75.95;25.28;74.72
29281;29;281;Tourch;877;14.14;85.86;9.76;90.24;14.35;85.65
29282;29;282;Trébabu;329;18.24;81.76;0.0;100.0;18.46;81.54
29284;29;284;Treffiagat;2499;19.13;80.87;18.45;81.55;19.16;80.84
29285;29;285;Tréflaouénan;462;14.72;85.28;9.76;90.24;15.2;84.8
29286;29;286;Tréflévénez;226;25.66;74.34;;;25.66;74.34
29287;29;287;Tréflez;1038;22.45;77.55;20.9;79.1;22.55;77.45
29288;29;288;Trégarantec;578;31.49;68.51;25.0;75.0;31.67;68.33
29289;29;289;Trégarvan;151;36.42;63.58;;;36.42;63.58
29290;29;290;Tréglonou;603;19.4;80.6;18.18;81.82;19.45;80.55
29291;29;291;Trégourez;861;14.4;85.6;18.18;81.82;14.14;85.86
29292;29;292;Tréguennec;348;31.61;68.39;22.22;77.78;32.12;67.88
29293;29;293;Trégunc;7546;23.19;76.81;29.57;70.43;22.9;77.1
29294;29;294;Le Tréhou;540;23.7;76.3;25.0;75.0;23.66;76.34
29295;29;295;Trémaouézan;469;27.08;72.92;0.0;100.0;28.48;71.52
29296;29;296;Tréméoc;1501;30.98;69.02;18.37;81.63;31.4;68.6
29297;29;297;Tréméven;2192;20.85;79.15;22.45;77.55;20.77;79.23
29298;29;298;Tréogat;538;22.68;77.32;0.0;100.0;22.89;77.11
29299;29;299;Tréouergat;282;24.82;75.18;33.33;66.67;24.44;75.56
29300;29;300;Le Trévoux;1499;19.35;80.65;15.85;84.15;19.55;80.45
29301;29;301;Trézilidé;331;20.54;79.46;;;20.54;79.46
29302;29;302;Pont-de-Buis-lès-Quimerch;3379;18.73;81.27;16.0;84.0;18.88;81.12
35001;35;001;Acigné;7545;33.21;66.79;30.22;69.78;33.4;66.6
35002;35;002;Amanlis;1792;30.92;69.08;27.14;72.86;31.07;68.93
35003;35;003;Andouillé-Neuville;892;24.33;75.67;0.0;100.0;25.47;74.53
35004;35;004;Val-Couesnon;3977;17.58;82.42;15.02;84.98;17.75;82.25
35005;35;005;Arbrissel;239;17.15;82.85;42.86;57.14;13.74;86.26
35006;35;006;Argentré-du-Plessis;4123;20.59;79.41;23.9;76.1;20.36;79.64
35007;35;007;Aubigné;468;33.97;66.03;50.0;50.0;32.88;67.12
35008;35;008;Availles-sur-Seiche;553;14.83;85.17;32.14;67.86;12.88;87.12
35009;35;009;Baguer-Morvan;1636;16.63;83.37;22.09;77.91;15.98;84.02
35010;35;010;Baguer-Pican;1493;17.75;82.25;10.43;89.57;18.36;81.64
35012;35;012;Bain-de-Bretagne;7637;24.94;75.06;18.36;81.64;25.37;74.63
35013;35;013;Bains-sur-Oust;3385;20.38;79.62;31.19;68.81;19.7;80.3
35014;35;014;Bais;2231;19.45;80.55;22.44;77.56;19.15;80.85
35015;35;015;Balazé;1937;19.15;80.85;13.33;86.67;19.49;80.51
35016;35;016;Baulon;1951;19.73;80.27;6.21;93.79;20.82;79.18
35017;35;017;La Baussaine;643;25.19;74.81;0.0;100.0;26.09;73.91
35018;35;018;La Bazouge-du-Désert;892;9.53;90.47;11.11;88.89;9.46;90.54
35019;35;019;Bazouges-la-Pérouse;1783;15.98;84.02;25.0;75.0;15.45;84.55
35021;35;021;Beaucé;1187;16.01;83.99;43.59;56.41;15.07;84.93
35022;35;022;Bécherel;701;23.11;76.89;22.73;77.27;23.14;76.86
35023;35;023;Bédée;4339;25.9;74.1;19.57;80.43;26.26;73.74
35024;35;024;Betton;14183;33.73;66.27;28.34;71.66;34.11;65.89
35025;35;025;Billé;882;12.47;87.53;0.0;100.0;12.91;87.09
35026;35;026;Bléruais;77;20.78;79.22;;;20.78;79.22
35027;35;027;Boisgervilly;1467;17.38;82.62;0.0;100.0;17.87;82.13
35028;35;028;Boistrudan;684;21.78;78.22;0.0;100.0;22.44;77.56
35029;35;029;Bonnemain;1394;18.29;81.71;22.73;77.27;17.91;82.09
35030;35;030;La Bosse-de-Bretagne;610;22.95;77.05;0.0;100.0;23.93;76.07
35031;35;031;La Bouëxière;4376;25.41;74.59;12.25;87.75;26.05;73.95
35032;35;032;Bourgbarré;4398;26.13;73.87;28.21;71.79;25.97;74.03
35033;35;033;Bourg-des-Comptes;3422;29.75;70.25;20.0;80.0;30.31;69.69
35034;35;034;La Boussac;1136;20.95;79.05;0.0;100.0;21.72;78.28
35035;35;035;Bovel;536;28.17;71.83;0.0;100.0;28.38;71.62
35037;35;037;Bréal-sous-Montfort;6411;27.0;73.0;23.82;76.18;27.21;72.79
35038;35;038;Bréal-sous-Vitré;570;21.05;78.95;33.33;66.67;20.79;79.21
35039;35;039;Brécé;1970;23.1;76.9;6.0;94.0;24.51;75.49
35040;35;040;Breteil;3555;23.83;76.17;24.66;75.34;23.77;76.23
35041;35;041;Brie;970;27.84;72.16;0.0;100.0;28.72;71.28
35042;35;042;Brielles;543;13.08;86.92;16.67;83.33;12.68;87.32
35044;35;044;Broualan;367;17.44;82.56;19.05;80.95;17.23;82.77
35045;35;045;Bruc-sur-Aff;732;15.44;84.56;21.95;78.05;15.05;84.95
35046;35;046;Les Brulais;448;14.51;85.49;0.0;100.0;14.98;85.02
35047;35;047;Bruz;20311;31.14;68.86;30.16;69.84;31.23;68.77
35049;35;049;Cancale;6010;24.19;75.81;23.92;76.08;24.21;75.79
35050;35;050;Cardroc;552;31.34;68.66;0.0;100.0;31.63;68.37
35051;35;051;Cesson-Sévigné;20820;35.83;64.17;36.94;63.06;35.73;64.27
35052;35;052;Champeaux;485;24.74;75.26;0.0;100.0;25.53;74.47
35054;35;054;Chanteloup;1650;24.67;75.33;5.56;94.44;25.77;74.23
35055;35;055;Chantepie;13482;30.39;69.61;28.62;71.38;30.54;69.46
35056;35;056;La Chapelle-aux-Filtzméens;789;28.52;71.48;15.38;84.62;28.96;71.04
35057;35;057;La Chapelle-Bouëxic;1385;24.12;75.88;26.06;73.94;23.89;76.11
35058;35;058;La Chapelle-Chaussée;1210;29.01;70.99;12.5;87.5;29.57;70.43
35059;35;059;La Chapelle-des-Fougeretz;4668;29.86;70.14;26.28;73.72;30.09;69.91
35060;35;060;La Chapelle du Lou du Lac;797;16.44;83.56;26.67;73.33;15.37;84.63
35061;35;061;La Chapelle-Erbrée;575;13.04;86.96;0.0;100.0;13.54;86.46
35062;35;062;La Chapelle-Janson;1367;14.56;85.44;12.38;87.62;14.74;85.26
35063;35;063;La Chapelle-Saint-Aubert;406;20.94;79.06;;;20.94;79.06
35064;35;064;La Chapelle-de-Brain;1021;18.12;81.88;7.55;92.45;18.7;81.3
35065;35;065;La Chapelle-Thouarault;2148;22.67;77.33;26.45;73.55;22.45;77.55
35066;35;066;Chartres-de-Bretagne;8663;25.97;74.03;26.84;73.16;25.88;74.12
35067;35;067;Chasné-sur-Illet;1739;35.14;64.86;32.14;67.86;35.4;64.6
35068;35;068;Châteaubourg;7618;30.2;69.8;25.31;74.69;30.54;69.46
35069;35;069;Châteaugiron;11066;30.67;69.33;31.54;68.46;30.62;69.38
35070;35;070;Châteauneuf-d'Ille-et-Vilaine;1495;17.06;82.94;21.17;78.83;16.64;83.36
35071;35;071;Le Châtellier;380;21.05;78.95;33.33;66.67;20.55;79.45
35072;35;072;Châtillon-en-Vendelais;1517;17.27;82.73;20.8;79.2;16.95;83.05
35075;35;075;Chauvigné;666;16.97;83.03;33.33;66.67;16.28;83.72
35076;35;076;Chavagne;4934;29.89;70.11;29.07;70.93;29.96;70.04
35077;35;077;Chelun;266;12.03;87.97;16.67;83.33;11.57;88.43
35078;35;078;Cherrueix;1063;18.06;81.94;40.0;60.0;16.98;83.02
35079;35;079;Chevaigné;2526;32.82;67.18;28.83;71.17;33.09;66.91
35080;35;080;Cintré;2392;27.93;72.07;27.59;72.41;27.95;72.05
35081;35;081;Clayes;976;31.45;68.55;11.11;88.89;33.52;66.48
35082;35;082;Coësmes;1184;13.43;86.57;15.05;84.95;13.29;86.71
35084;35;084;Comblessac;588;18.03;81.97;17.78;82.22;18.05;81.95
35085;35;085;Combourg;6070;22.14;77.86;19.1;80.9;22.36;77.64
35086;35;086;Combourtillé;504;16.67;83.33;0.0;100.0;17.91;82.09
35087;35;087;Cornillé;794;16.25;83.75;8.77;91.23;16.82;83.18
35088;35;088;Corps-Nuds;3447;24.14;75.86;12.5;87.5;24.95;75.05
35089;35;089;La Couyère;470;21.91;78.09;17.65;82.35;22.43;77.57
35090;35;090;Crevin;2715;25.41;74.59;26.04;73.96;25.35;74.65
35091;35;091;Le Crouais;471;16.14;83.86;40.0;60.0;15.08;84.92
35092;35;092;Cuguen;694;14.55;85.45;11.76;88.24;14.7;85.3
35093;35;093;Dinard;12059;25.55;74.45;19.71;80.29;25.83;74.17
35094;35;094;Dingé;1609;24.24;75.76;21.11;78.89;24.42;75.58
35095;35;095;Dol-de-Bretagne;5721;20.0;80.0;21.33;78.67;19.87;80.13
35096;35;096;Domagné;2376;26.94;73.06;28.38;71.62;26.78;73.22
35097;35;097;Domalain;1681;14.63;85.37;30.0;70.0;13.56;86.44
35098;35;098;La Dominelais;1171;15.37;84.63;15.15;84.85;15.38;84.62
35099;35;099;Domloup;4120;34.17;65.83;30.32;69.68;34.52;65.48
35101;35;101;Dourdain;1067;20.15;79.85;10.0;90.0;21.2;78.8
35102;35;102;Drouges;411;11.68;88.32;14.81;85.19;11.46;88.54
35103;35;103;Eancé;341;14.37;85.63;0.0;100.0;14.8;85.2
35104;35;104;Epiniac;1227;12.71;87.29;13.79;86.21;12.66;87.34
35105;35;105;Erbrée;1624;19.83;80.17;34.07;65.93;18.54;81.46
35106;35;106;Ercé-en-Lamée;1407;20.61;79.39;20.0;80.0;20.68;79.32
35107;35;107;Ercé-près-Liffré;2028;31.76;68.24;25.45;74.55;32.12;67.88
35108;35;108;Essé;913;20.7;79.3;18.0;82.0;20.86;79.14
35109;35;109;Étrelles;2652;25.68;74.32;35.0;65.0;24.84;75.16
35110;35;110;Feins;949;23.92;76.08;8.93;91.07;24.86;75.14
35111;35;111;Le Ferré;652;16.56;83.44;14.29;85.71;16.69;83.31
35112;35;112;Fleurigné;858;15.97;84.03;20.93;79.07;15.71;84.29
35114;35;114;Forges-la-Forêt;217;5.99;94.01;0.0;100.0;6.67;93.33
35115;35;115;Fougères;20763;20.13;79.87;19.15;80.85;20.24;79.76
35116;35;116;La Fresnais;2203;16.48;83.52;15.38;84.62;16.55;83.45
35117;35;117;Gaël;1457;15.1;84.9;14.56;85.44;15.14;84.86
35118;35;118;Gahard;1523;30.4;69.6;16.36;83.64;30.93;69.07
35119;35;119;Gennes-sur-Seiche;836;16.39;83.61;0.0;100.0;17.25;82.75
35120;35;120;Gévezé;5796;30.31;69.69;22.12;77.88;30.81;69.19
35121;35;121;Gosné;1910;25.86;74.14;30.0;70.0;25.75;74.25
35122;35;122;La Gouesnière;1835;21.63;78.37;12.62;87.38;22.17;77.83
35123;35;123;Goven;4024;24.08;75.92;22.34;77.66;24.17;75.83
35124;35;124;Grand-Fougeray;2287;17.67;82.33;12.24;87.76;18.04;81.96
35125;35;125;La Guerche-de-Bretagne;3918;12.79;87.21;19.88;80.12;12.14;87.86
35126;35;126;Guichen;9206;28.81;71.19;24.96;75.04;29.07;70.93
35127;35;127;Guignen;3905;26.66;73.34;21.43;78.57;26.96;73.04
35128;35;128;Guipel;1680;25.12;74.88;9.0;91.0;26.14;73.86
35130;35;130;Hédé-Bazouges;2325;30.11;69.89;15.79;84.21;30.72;69.28
35131;35;131;L'Hermitage;4652;24.29;75.71;25.45;74.55;24.22;75.78
35132;35;132;Hirel;1397;21.05;78.95;18.52;81.48;21.2;78.8
35133;35;133;Iffendic;4461;24.08;75.92;20.19;79.81;24.37;75.63
35134;35;134;Les Iffs;254;27.17;72.83;0.0;100.0;27.71;72.29
35135;35;135;Irodouër;2072;24.81;75.19;27.59;72.41;24.6;75.4
35136;35;136;Janzé;8282;23.73;76.27;26.79;73.21;23.46;76.54
35137;35;137;Javené;1934;20.06;79.94;30.97;69.03;19.38;80.62
35138;35;138;Laignelet;1082;18.48;81.52;18.87;81.13;18.46;81.54
35139;35;139;Laillé;5088;29.11;70.89;24.42;75.58;29.32;70.68
35140;35;140;Lalleu;496;16.33;83.67;0.0;100.0;16.63;83.37
35141;35;141;Landavran;569;24.25;75.75;23.53;76.47;24.32;75.68
35142;35;142;Landéan;1152;16.67;83.33;22.78;77.22;15.69;84.31
35143;35;143;Landujan;799;20.4;79.6;12.12;87.88;20.76;79.24
35144;35;144;Langan;996;24.4;75.6;0.0;100.0;25.03;74.97
35145;35;145;Langon;1289;13.89;86.11;20.97;79.03;13.53;86.47
35146;35;146;Langouet;500;24.2;75.8;33.33;66.67;23.92;76.08
35148;35;148;Lanrigan;137;27.01;72.99;0.0;100.0;28.03;71.97
35149;35;149;Lassy;1546;25.74;74.26;27.27;72.73;25.69;74.31
35150;35;150;Lécousse;3367;21.98;78.02;17.73;82.27;22.16;77.84
35151;35;151;Lieuron;724;18.51;81.49;19.77;80.23;18.34;81.66
35152;35;152;Liffré;8617;29.92;70.08;24.88;75.12;30.18;69.82
35153;35;153;Lillemer;345;22.03;77.97;22.22;77.78;22.0;78.0
35154;35;154;Livré-sur-Changeon;1524;20.67;79.33;12.99;87.01;21.08;78.92
35155;35;155;Lohéac;685;24.53;75.47;38.24;61.76;23.81;76.19
35156;35;156;Longaulnay;547;21.39;78.61;0.0;100.0;22.81;77.19
35157;35;157;Le Loroux;519;12.14;87.86;12.5;87.5;12.11;87.89
35159;35;159;Lourmais;296;15.54;84.46;0.0;100.0;16.25;83.75
35160;35;160;Loutehel;207;17.39;82.61;;;17.39;82.61
35161;35;161;Louvigné-de-Bais;1740;22.36;77.64;18.95;81.05;22.55;77.45
35162;35;162;Louvigné-du-Désert;2848;7.69;92.31;14.84;85.16;7.28;92.72
35163;35;163;Luitré-Dompierre;1631;16.06;83.94;17.54;82.46;16.01;83.99
35164;35;164;Marcillé-Raoul;620;12.1;87.9;0.0;100.0;12.46;87.54
35165;35;165;Marcillé-Robert;870;13.68;86.32;11.59;88.41;13.86;86.14
35166;35;166;Marpiré;942;22.19;77.81;17.24;82.76;22.69;77.31
35167;35;167;Martigné-Ferchaud;2280;13.16;86.84;7.14;92.86;13.35;86.65
35168;35;168;Val d'Anast;3571;19.85;80.15;13.07;86.93;20.21;79.79
35169;35;169;Maxent;1353;21.73;78.27;23.75;76.25;21.6;78.4
35170;35;170;Mecé;550;20.0;80.0;8.33;91.67;21.43;78.57
35171;35;171;Médréac;1772;21.9;78.1;24.44;75.56;21.69;78.31
35172;35;172;Meillac;1851;22.47;77.53;22.07;77.93;22.51;77.49
35173;35;173;Melesse;7679;32.4;67.6;27.94;72.06;32.68;67.32
35174;35;174;Mellé;582;14.26;85.74;13.85;86.15;14.31;85.69
35175;35;175;Mernel;948;19.2;80.8;14.93;85.07;19.52;80.48
35176;35;176;Guipry-Messac;6431;17.37;82.63;17.2;82.8;17.38;82.62
35177;35;177;La Mézière;5108;31.19;68.81;31.86;68.14;31.14;68.86
35178;35;178;Mézières-sur-Couesnon;1708;28.75;71.25;31.18;68.82;28.48;71.52
35179;35;179;Miniac-Morvan;3963;19.25;80.75;17.31;82.69;19.39;80.61
35180;35;180;Miniac-sous-Bécherel;697;21.52;78.48;0.0;100.0;22.49;77.51
35181;35;181;Le Minihic-sur-Rance;1576;27.28;72.72;14.81;85.19;27.5;72.5
35183;35;183;Mondevert;761;18.79;81.21;6.9;93.1;19.77;80.23
35184;35;184;Montauban-de-Bretagne;6109;22.56;77.44;25.64;74.36;22.3;77.7
35185;35;185;Montautour;187;0.0;100.0;0.0;100.0;0.0;100.0
35186;35;186;Mont-Dol;1012;16.3;83.7;8.77;91.23;16.75;83.25
35187;35;187;Monterfil;1235;27.13;72.87;17.24;82.76;27.36;72.64
35188;35;188;Montfort-sur-Meu;6586;24.26;75.74;23.22;76.78;24.32;75.68
35189;35;189;Montgermont;4034;31.58;68.42;27.31;72.69;31.86;68.14
35190;35;190;Monthault;213;11.27;88.73;0.0;100.0;11.48;88.52
35191;35;191;Les Portes du Coglais;2046;15.98;84.02;21.71;78.29;15.45;84.55
35192;35;192;Montreuil-des-Landes;210;11.9;88.1;25.0;75.0;10.53;89.47
35193;35;193;Montreuil-le-Gast;2034;30.83;69.17;29.03;70.97;30.91;69.09
35194;35;194;Montreuil-sous-Pérouse;1080;28.52;71.48;22.41;77.59;28.86;71.14
35195;35;195;Montreuil-sur-Ille;2399;27.51;72.49;12.5;87.5;28.03;71.97
35196;35;196;Mordelles;7964;25.41;74.59;26.97;73.03;25.27;74.73
35197;35;197;Mouazé;1788;36.63;63.37;20.0;80.0;37.26;62.74
35198;35;198;Moulins;667;26.09;73.91;14.71;85.29;26.7;73.3
35199;35;199;Moussé;275;16.0;84.0;0.0;100.0;18.18;81.82
35200;35;200;Moutiers;790;17.72;82.28;19.78;80.22;17.45;82.55
35201;35;201;Muel;778;17.22;82.78;11.63;88.37;17.55;82.45
35202;35;202;La Noë-Blanche;918;16.67;83.33;18.35;81.65;16.44;83.56
35203;35;203;La Nouaye;319;33.86;66.14;0.0;100.0;34.84;65.16
35204;35;204;Nouvoitou;3604;30.22;69.78;29.22;70.78;30.28;69.72
35205;35;205;Noyal-sous-Bazouges;325;9.85;90.15;0.0;100.0;10.42;89.58
35206;35;206;Noyal-Châtillon-sur-Seiche;8314;29.48;70.52;30.25;69.75;29.39;70.61
35207;35;207;Noyal-sur-Vilaine;6671;29.14;70.86;27.22;72.78;29.31;70.69
35208;35;208;Orgères;5634;32.36;67.64;30.03;69.97;32.49;67.51
35210;35;210;Pacé;15542;34.13;65.87;30.02;69.98;34.44;65.56
35211;35;211;Paimpont;1851;26.9;73.1;19.44;80.56;27.21;72.79
35212;35;212;Pancé;1135;23.52;76.48;10.53;89.47;23.97;76.03
35214;35;214;Parcé;588;17.35;82.65;12.5;87.5;17.7;82.3
35215;35;215;Parigné;1138;16.08;83.92;20.9;79.1;15.78;84.22
35216;35;216;Parthenay-de-Bretagne;1688;31.52;68.48;22.43;77.57;32.13;67.87
35217;35;217;Le Pertre;1228;16.78;83.22;20.0;80.0;16.65;83.35
35218;35;218;Le Petit-Fougeray;755;21.59;78.41;0.0;100.0;22.8;77.2
35219;35;219;Pipriac;3440;14.24;85.76;23.44;76.56;13.51;86.49
35220;35;220;Piré-Chancé;2901;26.16;73.84;4.81;95.19;26.96;73.04
35221;35;221;Pléchâtel;2499;18.69;81.31;18.52;81.48;18.69;81.31
35222;35;222;Pleine-Fougères;1839;15.33;84.67;9.9;90.1;15.65;84.35
35223;35;223;Plélan-le-Grand;3950;23.85;76.15;17.62;82.38;24.17;75.83
35224;35;224;Plerguer;2690;20.67;79.33;13.2;86.8;21.26;78.74
35225;35;225;Plesder;667;18.44;81.56;0.0;100.0;18.72;81.28
35226;35;226;Pleugueneuc;1815;22.59;77.41;16.88;83.12;22.84;77.16
35227;35;227;Pleumeleuc;3482;29.67;70.33;25.93;74.07;29.79;70.21
35228;35;228;Pleurtuit;6930;20.52;79.48;15.57;84.43;20.81;79.19
35229;35;229;Pocé-les-Bois;1094;19.29;80.71;25.0;75.0;19.07;80.93
35230;35;230;Poilley;346;17.63;82.37;0.0;100.0;18.1;81.9
35231;35;231;Poligné;1249;29.06;70.94;15.22;84.78;30.16;69.84
35232;35;232;Princé;335;15.82;84.18;0.0;100.0;18.79;81.21
35233;35;233;Québriac;1495;23.41;76.59;27.87;72.13;23.02;76.98
35234;35;234;Quédillac;1124;18.86;81.14;27.71;72.29;18.16;81.84
35235;35;235;Rannée;940;12.87;87.13;0.0;100.0;13.55;86.45
35236;35;236;Redon;9478;22.6;77.4;21.43;78.57;22.72;77.28
35237;35;237;Renac;987;21.18;78.82;28.43;71.57;20.34;79.66
35238;35;238;Rennes;241635;34.48;65.52;31.39;68.61;34.92;65.08
35239;35;239;Retiers;3874;16.06;83.94;21.43;78.57;15.85;84.15
35240;35;240;Le Rheu;10195;32.48;67.52;30.27;69.73;32.72;67.28
35241;35;241;La Richardais;2700;23.59;76.41;14.6;85.4;24.07;75.93
35242;35;242;Rimou;318;15.72;84.28;0.0;100.0;16.23;83.77
35243;35;243;Romagné;2290;25.63;74.37;35.96;64.04;25.09;74.91
35244;35;244;Romazy;222;16.22;83.78;50.0;50.0;14.95;85.05
35245;35;245;Romillé;4139;28.49;71.51;30.55;69.45;28.32;71.68
35246;35;246;Roz-Landrieux;1216;19.74;80.26;33.33;66.67;18.92;81.08
35247;35;247;Roz-sur-Couesnon;958;15.03;84.97;8.0;92.0;15.42;84.58
35248;35;248;Sains;422;13.74;86.26;17.39;82.61;13.53;86.47
35249;35;249;Sainte-Anne-sur-Vilaine;871;12.63;87.37;0.0;100.0;13.4;86.6
35250;35;250;Saint-Armel;2242;28.59;71.41;23.81;76.19;28.83;71.17
35251;35;251;Saint-Aubin-d'Aubigné;4188;28.8;71.2;22.08;77.92;29.35;70.65
35252;35;252;Saint-Aubin-des-Landes;802;19.83;80.17;30.77;69.23;19.65;80.35
35253;35;253;Saint-Aubin-du-Cormier;4000;23.85;76.15;11.9;88.1;25.32;74.68
35255;35;255;Saint-Benoît-des-Ondes;879;15.13;84.87;0.0;100.0;15.93;84.07
35256;35;256;Saint-Briac-sur-Mer;2591;26.94;73.06;39.06;60.94;26.63;73.37
35257;35;257;Maen Roch;4570;14.44;85.56;16.13;83.87;14.32;85.68
35258;35;258;Saint-Brieuc-des-Iffs;319;30.09;69.91;;;30.09;69.91
35259;35;259;Saint-Broladre;995;10.05;89.95;13.51;86.49;9.77;90.23
35260;35;260;Saint-Christophe-des-Bois;452;14.6;85.4;;;14.6;85.4
35261;35;261;Saint-Christophe-de-Valains;201;30.35;69.65;0.0;100.0;30.96;69.04
35262;35;262;Sainte-Colombe;323;22.91;77.09;50.0;50.0;22.22;77.78
35263;35;263;Saint-Coulomb;3256;29.85;70.15;35.11;64.89;29.7;70.3
35264;35;264;Saint-Didier;1920;27.34;72.66;19.01;80.99;27.9;72.1
35265;35;265;Saint-Domineuc;2375;23.16;76.84;21.13;78.87;23.29;76.71
35266;35;266;Saint-Erblon;3559;28.8;71.2;26.67;73.33;29.0;71.0
35268;35;268;Saint-Ganton;411;25.79;74.21;27.59;72.41;25.65;74.35
35270;35;270;Saint-Georges-de-Gréhaigne;325;9.23;90.77;0.0;100.0;9.68;90.32
35271;35;271;Saint-Georges-de-Reintembault;1392;14.15;85.85;14.63;85.37;14.11;85.89
35272;35;272;Saint-Germain-du-Pinel;859;23.4;76.6;33.33;66.67;22.65;77.35
35273;35;273;Saint-Germain-en-Coglès;1781;14.71;85.29;25.0;75.0;13.97;86.03
35274;35;274;Saint-Germain-sur-Ille;1051;35.11;64.89;20.0;80.0;35.4;64.6
35275;35;275;Saint-Gilles;5658;30.63;69.37;22.01;77.99;31.13;68.87
35276;35;276;Saint-Gondran;619;30.05;69.95;0.0;100.0;30.64;69.36
35277;35;277;Saint-Gonlay;325;24.62;75.38;0.0;100.0;25.24;74.76
35278;35;278;Saint-Grégoire;11264;36.13;63.87;31.34;68.66;36.41;63.59
35279;35;279;Saint-Guinoux;1086;18.97;81.03;6.67;93.33;19.88;80.12
35280;35;280;Saint-Hilaire-des-Landes;945;19.05;80.95;12.82;87.18;19.32;80.68
35281;35;281;Saint-Jacques-de-la-Lande;14523;29.64;70.36;29.13;70.87;29.7;70.3
35282;35;282;Rives-du-Couesnon;2552;18.5;81.5;22.39;77.61;18.28;81.72
35283;35;283;Saint-Jean-sur-Vilaine;1235;24.21;75.79;21.59;78.41;24.41;75.59
35284;35;284;Saint-Jouan-des-Guérets;2834;19.69;80.31;21.08;78.92;19.6;80.4
35285;35;285;Saint-Just;1006;20.87;79.13;8.16;91.84;21.53;78.47
35286;35;286;Saint-Léger-des-Prés;257;21.4;78.6;33.33;66.67;19.82;80.18
35287;35;287;Saint-Lunaire;2767;26.02;73.98;8.33;91.67;26.41;73.59
35288;35;288;Saint-Malo;53791;25.89;74.11;21.37;78.63;26.18;73.82
35289;35;289;Saint-Malo-de-Phily;962;21.31;78.69;24.53;75.47;21.12;78.88
35290;35;290;Saint-Malon-sur-Mel;496;17.94;82.06;17.39;82.61;18.0;82.0
35291;35;291;Saint-Marcan;375;12.8;87.2;0.0;100.0;13.3;86.7
35292;35;292;Saint-Marc-le-Blanc;1392;16.24;83.76;0.0;100.0;16.65;83.35
35294;35;294;Sainte-Marie;2130;19.2;80.8;11.27;88.73;19.48;80.52
35295;35;295;Saint-Maugan;438;18.95;81.05;12.5;87.5;19.46;80.54
35296;35;296;Saint-Médard-sur-Ille;1309;29.49;70.51;34.21;65.79;29.35;70.65
35297;35;297;Saint-Méen-le-Grand;4366;16.4;83.6;19.05;80.95;16.19;83.81
35299;35;299;Saint-Méloir-des-Ondes;4449;21.04;78.96;15.31;84.69;21.44;78.56
35300;35;300;Saint-M'Hervé;1121;14.27;85.73;8.47;91.53;14.6;85.4
35302;35;302;Saint-Onen-la-Chapelle;941;12.65;87.35;15.38;84.62;12.26;87.74
35304;35;304;Saint-Ouen-des-Alleux;1207;22.12;77.88;24.1;75.9;21.98;78.02
35305;35;305;Saint-Péran;411;27.25;72.75;0.0;100.0;27.79;72.21
35306;35;306;Saint-Père-Marc-en-Poulet;2341;22.26;77.74;17.71;82.29;22.45;77.55
35307;35;307;Saint-Pern;892;20.63;79.37;27.08;72.92;20.26;79.74
35308;35;308;Mesnil-Roc'h;4321;23.28;76.72;12.17;87.83;24.0;76.0
35309;35;309;Saint-Rémy-du-Plain;700;14.29;85.71;16.05;83.95;14.05;85.95
35310;35;310;Saint-Sauveur-des-Landes;1362;19.97;80.03;20.0;80.0;19.97;80.03
35311;35;311;Saint-Séglin;483;11.59;88.41;0.0;100.0;12.36;87.64
35312;35;312;Saint-Senoux;1662;25.81;74.19;27.59;72.41;25.78;74.22
35314;35;314;Saint-Suliac;996;21.99;78.01;35.8;64.2;20.77;79.23
35315;35;315;Saint-Sulpice-la-Forêt;1602;34.71;65.29;25.0;75.0;34.8;65.2
35316;35;316;Saint-Sulpice-des-Landes;791;21.62;78.38;22.64;77.36;21.54;78.46
35317;35;317;Saint-Symphorien;568;27.64;72.36;20.0;80.0;27.92;72.08
35318;35;318;Saint-Thual;895;23.69;76.31;28.0;72.0;22.99;77.01
35319;35;319;Saint-Thurial;2096;28.53;71.47;26.92;73.08;28.64;71.36
35320;35;320;Saint-Uniac;479;27.56;72.44;;;27.56;72.44
35321;35;321;Saulnières;683;19.62;80.38;31.58;68.42;18.91;81.09
35322;35;322;Le Sel-de-Bretagne;949;19.92;80.08;0.0;100.0;20.21;79.79
35324;35;324;La Selle-en-Luitré;532;19.36;80.64;19.23;80.77;19.38;80.63
35325;35;325;La Selle-Guerchaise;140;21.43;78.57;0.0;100.0;22.22;77.78
35326;35;326;Sens-de-Bretagne;2323;22.99;77.01;23.26;76.74;22.97;77.03
35327;35;327;Servon-sur-Vilaine;3939;29.58;70.42;33.52;66.48;29.39;70.61
35328;35;328;Sixt-sur-Aff;1923;14.04;85.96;18.81;81.19;13.78;86.22
35329;35;329;Sougeal;511;17.42;82.58;18.52;81.48;17.36;82.64
35330;35;330;Taillis;942;21.97;78.03;17.0;83.0;22.57;77.43
35331;35;331;Talensac;2457;23.0;77.0;28.1;71.9;22.66;77.34
35332;35;332;Teillay;965;19.38;80.62;28.13;71.88;18.76;81.24
35333;35;333;Le Theil-de-Bretagne;1463;15.17;84.83;9.09;90.91;15.67;84.33
35334;35;334;Thorigné-Fouillard;9575;34.77;65.23;27.09;72.91;35.14;64.86
35335;35;335;Thourie;800;22.5;77.5;23.08;76.92;22.45;77.55
35336;35;336;Le Tiercent;152;16.45;83.55;50.0;50.0;14.08;85.92
35337;35;337;Tinténiac;3539;22.1;77.9;7.25;92.75;22.7;77.3
35338;35;338;Torcé;1094;22.12;77.88;30.0;70.0;21.74;78.26
35339;35;339;Trans-la-Forêt;560;16.25;83.75;24.24;75.76;15.75;84.25
35340;35;340;Treffendel;1212;27.48;72.52;20.0;80.0;27.86;72.14
35342;35;342;Trémeheuc;329;21.58;78.42;19.05;80.95;21.75;78.25
35343;35;343;Tresbœuf;1049;17.25;82.75;8.62;91.38;17.76;82.24
35345;35;345;Trévérien;840;26.55;73.45;23.26;76.74;26.73;73.27
35346;35;346;Trimer;165;24.24;75.76;50.0;50.0;22.58;77.42
35347;35;347;Val-d'Izé;2357;18.88;81.12;33.06;66.94;18.11;81.89
35350;35;350;Vergéal;719;19.89;80.11;9.26;90.74;20.75;79.25
35351;35;351;Le Verger;1418;26.16;73.84;29.25;70.75;25.81;74.19
35352;35;352;Vern-sur-Seiche;8727;28.92;71.08;26.03;73.97;29.1;70.9
35353;35;353;Vezin-le-Coquet;6889;29.15;70.85;22.4;77.6;29.82;70.18
35354;35;354;Vieux-Viel;287;17.42;82.58;0.0;100.0;18.05;81.95
35355;35;355;Vieux-Vy-sur-Couesnon;1097;21.79;78.21;9.62;90.38;22.39;77.61
35356;35;356;Vignoc;2106;32.43;67.57;30.0;70.0;32.51;67.49
35357;35;357;Villamée;263;12.17;87.83;0.0;100.0;13.01;86.99
35358;35;358;La Ville-ès-Nonais;1165;26.27;73.73;14.04;85.96;26.9;73.1
35359;35;359;Visseiche;738;14.5;85.5;22.68;77.32;13.26;86.74
35360;35;360;Vitré;19196;23.83;76.17;25.34;74.66;23.69;76.31
35361;35;361;Le Vivier-sur-Mer;1004;13.35;86.65;0.0;100.0;14.14;85.86
35362;35;362;Le Tronchet;1072;16.79;83.21;0.0;100.0;17.53;82.47
35363;35;363;Pont-Péan;4316;26.99;73.01;23.43;76.57;27.26;72.74
44001;44;001;Abbaretz;1758;18.43;81.57;19.18;80.82;18.36;81.64
44002;44;002;Aigrefeuille-sur-Maine;3800;25.95;74.05;25.0;75.0;26.02;73.98
44003;44;003;Ancenis-Saint-Géréon;12194;22.22;77.78;23.28;76.72;22.14;77.86
44005;44;005;Chaumes-en-Retz;6694;20.15;79.85;16.46;83.54;20.45;79.55
44006;44;006;Assérac;1862;20.41;79.59;4.31;95.69;21.48;78.52
44007;44;007;Avessac;2334;18.42;81.58;20.57;79.43;18.29;81.71
44009;44;009;Basse-Goulaine;10597;32.96;67.04;28.59;71.41;33.25;66.75
44010;44;010;Batz-sur-Mer;3060;20.33;79.67;9.18;90.82;20.7;79.3
44012;44;012;La Bernerie-en-Retz;3669;21.5;78.5;4.94;95.06;21.88;78.12
44013;44;013;Besné;2987;21.39;78.61;25.3;74.7;21.03;78.97
44014;44;014;Le Bignon;4051;28.46;71.54;26.05;73.95;28.63;71.37
44015;44;015;Blain;9506;21.49;78.51;20.7;79.3;21.55;78.45
44016;44;016;La Boissière-du-Doré;979;21.04;78.96;12.5;87.5;21.41;78.59
44018;44;018;Bouaye;8052;27.6;72.4;21.78;78.22;27.98;72.02
44019;44;019;Bouée;1039;25.79;74.21;24.0;76.0;25.88;74.12
44020;44;020;Bouguenais;20982;27.46;72.54;22.04;77.96;27.83;72.17
44021;44;021;Villeneuve-en-Retz;4708;19.22;80.78;13.24;86.76;19.49;80.51
44022;44;022;Boussay;2565;17.93;82.07;25.0;75.0;17.46;82.54
44023;44;023;Bouvron;2937;21.96;78.04;18.84;81.16;22.2;77.8
44024;44;024;Brains;2832;27.37;72.63;22.16;77.84;27.69;72.31
44025;44;025;Campbon;3679;22.89;77.11;24.07;75.93;22.8;77.2
44026;44;026;Carquefou;21811;31.62;68.38;31.51;68.49;31.63;68.37
44027;44;027;Casson;2492;29.09;70.91;21.82;78.18;29.61;70.39
44028;44;028;Le Cellier;4057;26.82;73.18;15.02;84.98;27.54;72.46
44029;44;029;Divatte-sur-Loire;6709;21.14;78.86;13.82;86.18;21.63;78.37
44030;44;030;La Chapelle-des-Marais;3777;13.98;86.02;10.82;89.18;14.22;85.78
44031;44;031;La Chapelle-Glain;710;13.52;86.48;15.38;84.62;13.45;86.55
44032;44;032;La Chapelle-Heulin;3269;29.76;70.24;23.98;76.02;30.08;69.92
44033;44;033;La Chapelle-Launay;3255;30.75;69.25;21.21;78.79;31.37;68.63
44035;44;035;La Chapelle-sur-Erdre;22632;33.47;66.53;26.98;73.02;33.84;66.16
44036;44;036;Châteaubriant;11785;18.27;81.73;14.82;85.18;18.55;81.45
44037;44;037;Château-Thébaud;3262;30.35;69.65;28.5;71.5;30.47;69.53
44038;44;038;Chauvé;2735;20.22;79.78;20.0;80.0;20.23;79.77
44039;44;039;Cheix-en-Retz;1159;31.32;68.68;22.95;77.05;31.79;68.21
44041;44;041;La Chevrolière;5953;24.37;75.63;24.49;75.51;24.37;75.63
44043;44;043;Clisson;8286;29.85;70.15;28.5;71.5;29.95;70.05
44044;44;044;Conquereuil;925;14.16;85.84;13.33;86.67;14.19;85.81
44045;44;045;Cordemais;3514;22.48;77.52;3.29;96.71;23.35;76.65
44046;44;046;Corsept;2349;17.67;82.33;6.99;93.01;18.59;81.41
44047;44;047;Couëron;23403;26.98;73.02;21.34;78.66;27.44;72.56
44048;44;048;Couffé;2331;22.48;77.52;13.86;86.14;23.14;76.86
44049;44;049;Le Croisic;4423;17.61;82.39;6.04;93.96;18.02;81.98
44050;44;050;Crossac;2729;20.59;79.41;8.0;92.0;21.46;78.54
44051;44;051;Derval;3140;18.57;81.43;8.46;91.54;19.26;80.74
44052;44;052;Donges;6992;14.89;85.11;12.81;87.19;15.07;84.93
44053;44;053;Drefféac;2073;22.33;77.67;13.33;86.67;22.89;77.11
44054;44;054;Erbray;2624;15.89;84.11;35.71;64.29;14.54;85.46
44055;44;055;La Baule-Escoublac;20109;28.55;71.45;24.75;75.25;28.69;71.31
44056;44;056;Fay-de-Bretagne;3448;23.52;76.48;30.19;69.81;22.97;77.03
44057;44;057;Fégréac;2143;17.97;82.03;28.76;71.24;17.14;82.86
44058;44;058;Fercé;428;19.63;80.37;0.0;100.0;20.24;79.76
44061;44;061;Frossay;2717;15.72;84.28;19.53;80.47;15.53;84.47
44062;44;062;Le Gâvre;1697;22.16;77.84;15.38;84.62;22.78;77.22
44063;44;063;Gétigné;3597;21.63;78.37;12.5;87.5;22.17;77.83
44064;44;064;Gorges;4638;24.88;75.12;23.64;76.36;24.96;75.04
44065;44;065;Grand-Auverné;657;17.5;82.5;20.0;80.0;17.43;82.57
44066;44;066;Grandchamp-des-Fontaines;6815;31.59;68.41;19.9;80.1;32.31;67.69
44067;44;067;Guémené-Penfao;4890;17.42;82.58;16.93;83.07;17.46;82.54
44068;44;068;Guenrouet;3124;18.82;81.18;18.13;81.87;18.86;81.14
44069;44;069;Guérande;17730;25.72;74.28;20.35;79.65;25.97;74.03
44070;44;070;La Haie-Fouassière;4827;27.68;72.32;28.21;71.79;27.64;72.36
44071;44;071;Haute-Goulaine;6354;28.91;71.09;24.79;75.21;29.15;70.85
44072;44;072;Herbignac;6769;21.52;78.48;16.17;83.83;21.83;78.17
44073;44;073;Héric;6282;25.36;74.64;28.02;71.98;25.15;74.85
44074;44;074;Indre;4457;31.95;68.05;19.18;80.82;32.61;67.39
44075;44;075;Issé;1606;12.08;87.92;20.69;79.31;11.59;88.41
44076;44;076;Jans;1328;21.84;78.16;9.02;90.98;23.13;76.87
44077;44;077;Joué-sur-Erdre;2335;19.23;80.77;12.0;88.0;19.73;80.27
44078;44;078;Juigné-des-Moutiers;258;5.43;94.57;0.0;100.0;5.51;94.49
44079;44;079;Le Landreau;3062;24.1;75.9;23.71;76.29;24.13;75.87
44080;44;080;Lavau-sur-Loire;744;26.48;73.52;0.0;100.0;27.51;72.49
44081;44;081;Legé;4141;13.93;86.07;15.79;84.21;13.78;86.22
44082;44;082;Ligné;4882;24.05;75.95;15.5;84.5;24.52;75.48
44083;44;083;La Limouzinière;2288;23.99;76.01;16.92;83.08;24.42;75.58
44084;44;084;Le Loroux-Bottereau;7951;21.92;78.08;20.82;79.18;22.0;78.0
44085;44;085;Louisfert;856;15.89;84.11;12.99;87.01;16.17;83.83
44086;44;086;Lusanger;959;18.14;81.86;19.67;80.33;18.04;81.96
44087;44;087;Machecoul-Saint-Même;6990;16.09;83.91;7.94;92.06;16.64;83.36
44088;44;088;Maisdon-sur-Sèvre;3103;29.97;70.03;27.27;72.73;30.14;69.86
44089;44;089;Malville;3576;28.1;71.9;12.22;87.78;28.95;71.05
44090;44;090;La Marne;1400;17.0;83.0;16.67;83.33;17.02;82.98
44091;44;091;Marsac-sur-Don;1396;20.63;79.37;20.99;79.01;20.61;79.39
44092;44;092;Massérac;604;16.56;83.44;14.29;85.71;16.67;83.33
44094;44;094;Mauves-sur-Loire;3365;27.1;72.9;11.68;88.32;28.15;71.85
44095;44;095;La Meilleraye-de-Bretagne;1415;18.02;81.98;13.54;86.46;18.35;81.65
44096;44;096;Mésanger;4299;20.33;79.67;22.52;77.48;20.17;79.83
44097;44;097;Mesquer;2318;24.12;75.88;5.97;94.03;24.66;75.34
44098;44;098;Missillac;5155;20.74;79.26;13.19;86.81;21.16;78.84
44099;44;099;Moisdon-la-Rivière;1794;17.28;82.72;20.61;79.39;17.02;82.98
44100;44;100;Monnières;2194;25.07;74.93;17.99;82.01;25.55;74.45
44101;44;101;La Montagne;6234;24.17;75.83;14.53;85.47;24.74;75.26
44102;44;102;Montbert;3037;21.3;78.7;12.89;87.11;21.88;78.12
44103;44;103;Montoir-de-Bretagne;6396;15.99;84.01;17.08;82.92;15.91;84.09
44104;44;104;Montrelais;681;12.92;87.08;0.0;100.0;13.37;86.63
44105;44;105;Mouais;304;15.13;84.87;0.0;100.0;16.03;83.97
44106;44;106;Les Moutiers-en-Retz;1916;20.98;79.02;15.79;84.21;21.25;78.75
44107;44;107;Mouzeil;1714;21.82;78.18;9.56;90.44;22.88;77.12
44108;44;108;Mouzillon;2776;24.89;75.11;26.32;73.68;24.8;75.2
44109;44;109;Nantes;362558;35.4;64.6;31.16;68.84;35.88;64.12
44110;44;110;Nort-sur-Erdre;9289;27.47;72.53;19.53;80.47;28.06;71.94
44111;44;111;Notre-Dame-des-Landes;2278;25.11;74.89;17.16;82.84;25.75;74.25
44112;44;112;Noyal-sur-Brutz;507;18.74;81.26;15.38;84.62;18.92;81.08
44113;44;113;Nozay;3894;20.42;79.58;15.94;84.06;20.85;79.15
44114;44;114;Orvault;30949;33.73;66.27;29.06;70.94;34.06;65.94
44115;44;115;Oudon;4170;29.69;70.31;28.24;71.76;29.8;70.2
44116;44;116;Paimbœuf;2869;18.19;81.81;4.88;95.12;19.0;81.0
44117;44;117;Le Pallet;3439;30.65;69.35;30.12;69.88;30.69;69.31
44118;44;118;Pannecé;1199;20.18;79.82;18.52;81.48;20.26;79.74
44119;44;119;Paulx;1789;19.01;80.99;9.28;90.72;19.56;80.44
44120;44;120;Le Pellerin;5143;24.25;75.75;19.01;80.99;24.55;75.45
44121;44;121;Petit-Auverné;367;6.27;93.73;0.0;100.0;6.82;93.18
44122;44;122;Petit-Mars;3873;28.66;71.34;28.79;71.21;28.65;71.35
44123;44;123;Pierric;913;16.54;83.46;11.36;88.64;16.8;83.2
44124;44;124;Le Pin;684;16.67;83.33;0.0;100.0;17.87;82.13
44125;44;125;Piriac-sur-Mer;2977;24.92;75.08;24.29;75.71;24.94;75.06
44126;44;126;La Plaine-sur-Mer;4374;14.72;85.28;9.84;90.16;15.01;84.99
44127;44;127;La Planche;2472;19.62;80.38;19.11;80.89;19.65;80.35
44128;44;128;Plessé;4780;19.48;80.52;10.0;90.0;20.0;80.0
44129;44;129;Pontchâteau;12305;20.41;79.59;21.86;78.14;20.29;79.71
44130;44;130;Pont-Saint-Martin;6586;24.46;75.54;24.54;75.46;24.46;75.54
44131;44;131;Pornic;20725;26.4;73.6;19.33;80.67;26.72;73.28
44132;44;132;Pornichet;14473;28.92;71.08;31.05;68.95;28.81;71.19
44133;44;133;Port-Saint-Père;3013;26.29;73.71;19.33;80.67;26.57;73.43
44134;44;134;Pouillé-les-Côteaux;923;22.64;77.36;29.11;70.89;22.04;77.96
44135;44;135;Le Pouliguen;4600;21.74;78.26;16.43;83.57;21.91;78.09
44136;44;136;Préfailles;1474;27.07;72.93;26.47;73.53;27.1;72.9
44137;44;137;Prinquiau;3150;22.29;77.71;16.57;83.43;22.63;77.37
44138;44;138;Puceul;981;21.1;78.9;23.14;76.86;20.81;79.19
44139;44;139;Quilly;1348;23.37;76.63;10.53;89.47;24.14;75.86
44140;44;140;La Regrippière;1347;17.67;82.33;4.6;95.4;18.57;81.43
44141;44;141;La Remaudière;1081;19.43;80.57;13.85;86.15;19.78;80.22
44142;44;142;Remouillé;1910;24.29;75.71;26.09;73.91;24.08;75.92
44143;44;143;Rezé;46530;30.55;69.45;25.58;74.42;30.96;69.04
44144;44;144;Riaillé;2213;20.97;79.03;8.92;91.08;21.89;78.11
44145;44;145;Rouans;3022;22.67;77.33;14.67;85.33;23.08;76.92
44146;44;146;Rougé;1873;13.29;86.71;14.29;85.71;13.23;86.77
44148;44;148;Ruffigné;587;8.86;91.14;0.0;100.0;9.17;90.83
44149;44;149;Saffré;3697;24.15;75.85;12.26;87.74;24.51;75.49
44150;44;150;Saint-Aignan-Grandlieu;3797;23.91;76.09;19.63;80.37;24.18;75.82
44151;44;151;Saint-André-des-Eaux;7261;28.12;71.88;21.81;78.19;28.47;71.53
44152;44;152;Sainte-Anne-sur-Brivet;2599;17.2;82.8;7.14;92.86;17.77;82.23
44153;44;153;Saint-Aubin-des-Châteaux;1554;16.28;83.72;9.92;90.08;16.87;83.13
44154;44;154;Saint-Brevin-les-Pins;15581;23.09;76.91;22.52;77.48;23.11;76.89
44155;44;155;Saint-Colomban;3156;23.13;76.87;18.87;81.13;23.44;76.56
44156;44;156;Corcoué-sur-Logne;2820;20.5;79.5;23.81;76.19;20.31;79.69
44157;44;157;Saint-Étienne-de-Mer-Morte;1455;17.53;82.47;13.79;86.21;17.94;82.06
44158;44;158;Saint-Étienne-de-Montluc;8175;31.6;68.4;30.65;69.35;31.65;68.35
44159;44;159;Saint-Fiacre-sur-Maine;1300;31.54;68.46;27.87;72.13;31.72;68.28
44161;44;161;Saint-Gildas-des-Bois;3357;14.66;85.34;8.93;91.07;15.07;84.93
44162;44;162;Saint-Herblain;53602;29.64;70.36;27.55;72.45;29.84;70.16
44163;44;163;Vair-sur-Loire;4133;19.33;80.67;8.11;91.89;19.86;80.14
44164;44;164;Saint-Hilaire-de-Chaléons;2133;20.58;79.42;23.53;76.47;20.33;79.67
44165;44;165;Saint-Hilaire-de-Clisson;2158;23.08;76.92;24.24;75.76;22.98;77.02
44166;44;166;Saint-Jean-de-Boiseau;5647;24.31;75.69;23.49;76.51;24.36;75.64
44168;44;168;Saint-Joachim;3648;13.68;86.32;12.24;87.76;13.78;86.22
44169;44;169;Saint-Julien-de-Concelles;7948;28.33;71.67;27.21;72.79;28.4;71.6
44170;44;170;Saint-Julien-de-Vouvantes;836;13.52;86.48;24.64;75.36;12.52;87.48
44171;44;171;Saint-Léger-les-Vignes;1959;25.98;74.02;10.98;89.02;26.64;73.36
44172;44;172;Sainte-Luce-sur-Loire;16903;31.21;68.79;25.43;74.57;31.62;68.38
44173;44;173;Saint-Lumine-de-Clisson;1827;18.34;81.66;22.22;77.78;18.13;81.87
44174;44;174;Saint-Lumine-de-Coutais;2055;18.88;81.12;6.76;93.24;19.82;80.18
44175;44;175;Saint-Lyphard;4941;21.64;78.36;16.61;83.39;21.97;78.03
44176;44;176;Saint-Malo-de-Guersac;2929;17.79;82.21;17.76;82.24;17.79;82.21
44178;44;178;Saint-Mars-de-Coutais;2535;22.41;77.59;24.54;75.46;22.26;77.74
44179;44;179;Saint-Mars-du-Désert;5113;26.66;73.34;24.15;75.85;26.81;73.19
44180;44;180;Vallons-de-l'Erdre;5726;15.09;84.91;15.83;84.17;15.02;84.98
44182;44;182;Saint-Michel-Chef-Chef;5281;18.03;81.97;12.25;87.75;18.26;81.74
44183;44;183;Saint-Molf;2654;22.65;77.35;19.66;80.34;22.86;77.14
44184;44;184;Saint-Nazaire;74460;24.43;75.57;21.25;78.75;24.67;75.33
44185;44;185;Saint-Nicolas-de-Redon;3168;17.74;82.26;7.63;92.37;18.55;81.45
44186;44;186;Sainte-Pazanne;6466;22.97;77.03;23.3;76.7;22.94;77.06
44187;44;187;Saint-Père-en-Retz;4200;17.86;82.14;11.72;88.28;18.31;81.69
44188;44;188;Saint-Philbert-de-Grand-Lieu;8539;20.55;79.45;13.24;86.76;21.12;78.88
44189;44;189;Sainte-Reine-de-Bretagne;2157;16.46;83.54;18.35;81.65;16.36;83.64
44190;44;190;Saint-Sébastien-sur-Loire;31567;31.37;68.63;29.1;70.9;31.53;68.47
44192;44;192;Saint-Viaud;2323;14.89;85.11;15.15;84.85;14.87;85.13
44193;44;193;Saint-Vincent-des-Landes;1317;13.36;86.64;9.47;90.53;13.67;86.33
44194;44;194;Sautron;9634;33.95;66.05;35.43;64.57;33.87;66.13
44195;44;195;Savenay;8873;26.21;73.79;20.34;79.66;26.58;73.42
44196;44;196;Sévérac;1509;17.5;82.5;13.24;86.76;17.7;82.3
44197;44;197;Sion-les-Mines;1407;14.5;85.5;20.0;80.0;14.23;85.77
44198;44;198;Les Sorinières;9285;27.88;72.12;29.44;70.56;27.76;72.24
44199;44;199;Soudan;1768;15.16;84.84;24.74;75.26;14.6;85.4
44200;44;200;Soulvache;287;15.33;84.67;0.0;100.0;15.88;84.12
44201;44;201;Sucé-sur-Erdre;8178;33.35;66.65;31.75;68.25;33.4;66.6
44202;44;202;Teillé;1618;13.91;86.09;16.89;83.11;13.61;86.39
44203;44;203;Le Temple-de-Bretagne;1833;21.77;78.23;30.93;69.07;21.26;78.74
44204;44;204;Thouaré-sur-Loire;11983;30.33;69.67;27.51;72.49;30.56;69.44
44205;44;205;Les Touches;2229;16.78;83.22;10.71;89.29;17.1;82.9
44206;44;206;Touvois;1552;14.24;85.76;8.33;91.67;14.63;85.37
44207;44;207;Trans-sur-Erdre;897;15.05;84.95;36.36;63.64;13.66;86.34
44208;44;208;Treffieux;864;22.57;77.43;25.0;75.0;22.41;77.59
44209;44;209;Treillières;10589;30.83;69.17;23.69;76.31;31.26;68.74
44210;44;210;Trignac;7307;14.16;85.84;22.22;77.78;13.25;86.75
44211;44;211;La Turballe;5271;20.83;79.17;16.98;83.02;20.95;79.05
44212;44;212;Vallet;9356;25.09;74.91;23.39;76.61;25.24;74.76
44213;44;213;Loireauxence;6769;17.71;82.29;17.26;82.74;17.74;82.26
44214;44;214;Vay;1810;20.72;79.28;12.5;87.5;21.47;78.53
44215;44;215;Vertou;28877;31.2;68.8;25.03;74.97;31.61;68.39
44216;44;216;Vieillevigne;3501;15.6;84.4;15.71;84.29;15.59;84.41
44217;44;217;Vigneux-de-Bretagne;6965;31.43;68.57;23.82;76.18;31.79;68.21
44218;44;218;Villepot;615;11.38;88.62;20.0;80.0;10.62;89.38
44220;44;220;Vue;1562;23.88;76.12;0.0;100.0;24.57;75.43
44221;44;221;La Chevallerais;1360;28.31;71.69;18.52;81.48;28.71;71.29
44222;44;222;La Roche-Blanche;1100;18.18;81.82;15.0;85.0;18.5;81.5
44223;44;223;Geneston;3732;26.05;73.95;32.86;67.14;25.17;74.83
44224;44;224;La Grigonnais;1560;23.21;76.79;14.29;85.71;23.62;76.38
56001;56;001;Allaire;3637;17.51;82.49;18.07;81.93;17.48;82.52
56002;56;002;Ambon;2192;24.45;75.55;28.23;71.77;24.23;75.77
56003;56;003;Arradon;6960;34.41;65.59;18.46;81.54;34.87;65.13
56004;56;004;Arzal;1775;23.1;76.9;26.74;73.26;22.91;77.09
56005;56;005;Arzon;2702;23.02;76.98;13.51;86.49;23.15;76.85
56006;56;006;Augan;1351;13.99;86.01;13.64;86.36;14.01;85.99
56007;56;007;Auray;15701;26.48;73.52;16.32;83.68;27.13;72.87
56008;56;008;Baden;5489;30.79;69.21;23.33;76.67;31.0;69.0
56009;56;009;Bangor;1146;26.88;73.12;18.75;81.25;27.23;72.77
56010;56;010;Baud;6010;19.48;80.52;21.82;78.18;19.31;80.69
56011;56;011;Béganne;1431;16.63;83.37;6.9;93.1;17.04;82.96
56012;56;012;Beignon;1787;28.04;71.96;23.46;76.54;28.25;71.75
56013;56;013;Belz;4089;20.0;80.0;20.69;79.31;19.98;80.02
56014;56;014;Berné;1425;18.25;81.75;11.76;88.24;18.66;81.34
56015;56;015;Berric;1897;21.03;78.97;9.9;90.1;21.66;78.34
56017;56;017;Bignan;2515;16.1;83.9;25.0;75.0;15.69;84.31
56018;56;018;Billiers;1062;22.03;77.97;11.7;88.3;23.04;76.96
56019;56;019;Billio;316;15.19;84.81;0.0;100.0;15.89;84.11
56020;56;020;Bohal;723;22.13;77.87;0.0;100.0;23.43;76.57
56021;56;021;Brandérion;1362;23.27;76.73;10.13;89.87;24.08;75.92
56022;56;022;Brandivy;1291;21.84;78.16;30.36;69.64;21.46;78.54
56023;56;023;Brech;7115;26.13;73.87;18.67;81.33;26.58;73.42
56024;56;024;Bréhan;2094;12.61;87.39;21.77;78.23;12.03;87.97
56025;56;025;Brignac;148;5.41;94.59;;;5.41;94.59
56026;56;026;Bubry;2307;19.25;80.75;20.43;79.57;19.2;80.8
56027;56;027;Buléon;432;11.34;88.66;0.0;100.0;11.48;88.52
56028;56;028;Caden;1379;11.39;88.61;0.0;100.0;12.01;87.99
56029;56;029;Calan;1153;24.72;75.28;18.84;81.16;25.09;74.91
56030;56;030;Camoël;1126;19.98;80.02;0.0;100.0;20.64;79.36
56031;56;031;Camors;2902;20.06;79.94;19.23;80.77;20.08;79.92
56032;56;032;Campénéac;1707;18.51;81.49;11.9;88.1;18.85;81.15
56033;56;033;Carentoir;2846;11.38;88.62;16.98;83.02;11.05;88.95
56034;56;034;Carnac;5153;28.64;71.36;16.0;84.0;28.96;71.04
56035;56;035;Caro;1122;20.23;79.77;20.9;79.1;20.19;79.81
56036;56;036;Caudan;6921;19.77;80.23;25.07;74.93;19.46;80.54
56039;56;039;La Chapelle-Neuve;832;14.9;85.1;0.0;100.0;15.46;84.54
56040;56;040;Cléguer;3276;21.95;78.05;17.13;82.87;22.29;77.71
56041;56;041;Cléguérec;2620;17.94;82.06;7.14;92.86;18.24;81.76
56042;56;042;Colpo;2172;20.26;79.74;25.69;74.31;19.87;80.13
56043;56;043;Concoret;715;22.24;77.76;15.15;84.85;22.58;77.42
56044;56;044;Cournon;729;16.32;83.68;37.5;62.5;15.09;84.91
56045;56;045;Le Cours;617;18.31;81.69;28.13;71.88;17.78;82.22
56046;56;046;Crach;3733;23.55;76.45;18.64;81.36;23.71;76.29
56047;56;047;Crédin;1370;17.88;82.12;15.66;84.34;18.03;81.97
56048;56;048;Le Croisty;696;13.79;86.21;18.18;81.82;13.65;86.35
56050;56;050;La Croix-Helléan;785;20.0;80.0;24.24;75.76;19.81;80.19
56051;56;051;Cruguel;625;19.2;80.8;22.22;77.78;18.97;81.03
56052;56;052;Damgan;2203;20.43;79.57;28.57;71.43;20.3;79.7
56053;56;053;Elven;5969;21.49;78.51;18.69;81.31;21.7;78.3
56054;56;054;Erdeven;4060;22.46;77.54;24.68;75.32;22.37;77.63
56055;56;055;Étel;2247;20.78;79.22;20.83;79.17;20.78;79.22
56056;56;056;Évriguet;197;12.69;87.31;0.0;100.0;13.37;86.63
56057;56;057;Le Faouët;2835;16.37;83.63;15.19;84.81;16.44;83.56
56058;56;058;Férel;3223;20.45;79.55;19.08;80.92;20.51;79.49
56060;56;060;Les Fougerêts;874;13.27;86.73;23.53;76.47;12.86;87.14
56061;56;061;La Gacilly;3935;18.37;81.63;12.97;87.03;18.64;81.36
56062;56;062;Gâvres;692;14.16;85.84;23.53;76.47;13.93;86.07
56063;56;063;Gestel;2527;22.68;77.32;26.42;73.58;22.51;77.49
56065;56;065;Gourhel;671;20.42;79.58;21.43;78.57;20.35;79.65
56066;56;066;Gourin;3729;15.07;84.93;14.98;85.02;15.08;84.92
56067;56;067;Grand-Champ;5492;22.83;77.17;18.78;81.22;23.02;76.98
56068;56;068;La Grée-Saint-Laurent;290;18.28;81.72;13.16;86.84;19.05;80.95
56069;56;069;Groix;2608;23.89;76.11;36.36;63.64;23.51;76.49
56070;56;070;Guégon;2108;13.33;86.67;28.0;72.0;12.21;87.79
56071;56;071;Guéhenno;714;13.73;86.27;0.0;100.0;14.0;86.0
56072;56;072;Gueltas;469;14.71;85.29;15.15;84.85;14.68;85.32
56073;56;073;Guémené-sur-Scorff;1032;11.53;88.47;24.49;75.51;10.89;89.11
56074;56;074;Guénin;1616;18.87;81.13;17.65;82.35;18.94;81.06
56075;56;075;Guer;5845;23.39;76.61;32.86;67.14;22.23;77.77
56076;56;076;Guern;1299;18.09;81.91;5.97;94.03;18.75;81.25
56077;56;077;Le Guerno;901;17.54;82.46;16.95;83.05;17.58;82.42
56078;56;078;Guidel;12946;28.94;71.06;24.26;75.74;29.07;70.93
56079;56;079;Guillac;1397;22.69;77.31;20.45;79.55;22.76;77.24
56080;56;080;Guilliers;1295;15.21;84.79;4.3;95.7;16.06;83.94
56081;56;081;Guiscriff;2052;13.3;86.7;8.79;91.21;13.51;86.49
56082;56;082;Helléan;344;20.64;79.36;50.0;50.0;19.76;80.24
56083;56;083;Hennebont;16277;22.23;77.77;22.48;77.52;22.22;77.78
56084;56;084;Le Hézo;838;20.76;79.24;15.52;84.48;21.15;78.85
56085;56;085;Hœdic;100;21.0;79.0;50.0;50.0;18.48;81.52
56086;56;086;Île-d'Houat;211;7.11;92.89;0.0;100.0;7.25;92.75
56087;56;087;Île-aux-Moines;789;31.31;68.69;39.13;60.87;31.07;68.93
56088;56;088;Île-d'Arz;360;31.11;68.89;0.0;100.0;31.46;68.54
56089;56;089;Inguiniel;1956;15.95;84.05;11.76;88.24;16.14;83.86
56090;56;090;Inzinzac-Lochrist;6337;20.97;79.03;11.98;88.02;21.55;78.45
56091;56;091;Josselin;2448;15.97;84.03;14.05;85.95;16.07;83.93
56092;56;092;Kerfourn;707;12.45;87.55;0.0;100.0;12.98;87.02
56093;56;093;Kergrist;611;17.35;82.65;17.24;82.76;17.35;82.65
56094;56;094;Kervignac;6822;25.7;74.3;20.46;79.54;25.98;74.02
56096;56;096;Landaul;2302;23.11;76.89;20.8;79.2;23.24;76.76
56097;56;097;Landévant;3720;22.88;77.12;18.63;81.37;23.07;76.93
56098;56;098;Lanester;22352;20.8;79.2;19.1;80.9;20.95;79.05
56099;56;099;Langoëlan;391;17.9;82.1;13.33;86.67;18.28;81.72
56100;56;100;Langonnet;1869;22.9;77.1;22.22;77.78;22.92;77.08
56101;56;101;Languidic;7725;20.71;79.29;24.62;75.38;20.38;79.62
56102;56;102;Forges de Lanouée;1831;11.96;88.04;0.0;100.0;12.22;87.78
56103;56;103;Lantillac;284;8.45;91.55;0.0;100.0;8.86;91.14
56104;56;104;Lanvaudan;737;18.86;81.14;24.0;76.0;18.28;81.72
56105;56;105;Lanvénégen;1095;14.34;85.66;0.0;100.0;14.83;85.17
56106;56;106;Larmor-Baden;1100;32.0;68.0;;;32.0;68.0
56107;56;107;Larmor-Plage;10459;33.13;66.87;34.55;65.45;33.1;66.9
56108;56;108;Larré;1046;23.71;76.29;13.43;86.57;24.41;75.59
56109;56;109;Lauzach;1155;25.45;74.55;33.9;66.1;25.0;75.0
56110;56;110;Lignol;821;15.83;84.17;0.0;100.0;16.29;83.71
56111;56;111;Limerzel;1158;13.3;86.7;0.0;100.0;13.5;86.5
56112;56;112;Lizio;778;18.51;81.49;30.0;70.0;17.89;82.11
56113;56;113;Locmalo;830;16.27;83.73;23.46;76.54;15.49;84.51
56114;56;114;Locmaria;1035;22.22;77.78;10.0;90.0;22.84;77.16
56115;56;115;Locmaria-Grand-Champ;1635;25.63;74.37;18.97;81.03;25.87;74.13
56116;56;116;Locmariaquer;1870;27.59;72.41;34.43;65.57;27.36;72.64
56117;56;117;Locminé;4336;19.17;80.83;22.45;77.55;18.85;81.15
56118;56;118;Locmiquélic;4152;20.93;79.07;15.92;84.08;21.13;78.87
56119;56;119;Locoal-Mendon;3615;27.3;72.7;22.84;77.16;27.51;72.49
56120;56;120;Locqueltas;1872;24.2;75.8;18.87;81.13;24.52;75.48
56121;56;121;Lorient;60745;25.37;74.63;24.05;75.95;25.5;74.5
56122;56;122;Loyat;1557;18.75;81.25;19.63;80.37;18.69;81.31
56123;56;123;Malansac;2264;20.1;79.9;21.77;78.23;20.0;80.0
56124;56;124;Malestroit;2790;23.05;76.95;30.81;69.19;22.45;77.55
56125;56;125;Malguénac;1735;21.79;78.21;33.33;66.67;21.29;78.71
56126;56;126;Marzan;2442;21.99;78.01;23.81;76.19;21.87;78.13
56127;56;127;Mauron;2933;13.43;86.57;20.78;79.22;13.03;86.97
56128;56;128;Melrand;1470;15.99;84.01;27.87;72.13;15.47;84.53
56129;56;129;Ménéac;1370;11.39;88.61;0.0;100.0;11.69;88.31
56130;56;130;Merlevenez;2959;19.64;80.36;19.79;80.21;19.62;80.38
56131;56;131;Meslan;1389;18.57;81.43;22.22;77.78;18.29;81.71
56132;56;132;Meucon;2316;24.44;75.56;3.88;96.12;25.4;74.6
56133;56;133;Missiriac;1032;15.6;84.4;0.0;100.0;16.28;83.72
56134;56;134;Mohon;914;13.13;86.87;18.42;81.58;12.65;87.35
56135;56;135;Molac;1386;17.75;82.25;15.38;84.62;17.87;82.13
56136;56;136;Monteneuf;733;20.46;79.54;0.0;100.0;21.19;78.81
56137;56;137;Monterblanc;3106;24.02;75.98;16.34;83.66;24.42;75.58
56139;56;139;Montertelot;318;20.75;79.25;0.0;100.0;21.71;78.29
56140;56;140;Moréac;3224;15.85;84.15;18.03;81.97;15.72;84.28
56141;56;141;Moustoir-Ac;1546;21.22;78.78;8.16;91.84;21.64;78.36
56143;56;143;Muzillac;5247;22.03;77.97;23.76;76.24;21.93;78.07
56144;56;144;Évellys;3053;16.31;83.69;8.77;91.23;16.6;83.4
56145;56;145;Néant-sur-Yvel;1046;20.08;79.92;10.64;89.36;20.52;79.48
56146;56;146;Neulliac;1306;17.69;82.31;11.43;88.57;18.04;81.96
56147;56;147;Nivillac;4684;21.63;78.37;20.81;79.19;21.67;78.33
56148;56;148;Nostang;1608;26.18;73.82;14.29;85.71;26.45;73.55
56149;56;149;Noyal-Muzillac;2302;16.25;83.75;20.91;79.09;16.01;83.99
56151;56;151;Noyal-Pontivy;3439;20.15;79.85;27.35;72.65;19.63;80.37
56152;56;152;Le Palais;2702;21.69;78.31;3.45;96.55;22.72;77.28
56153;56;153;Péaule;2591;15.79;84.21;21.81;78.19;15.31;84.69
56154;56;154;Peillac;1938;23.74;76.26;27.91;72.09;23.54;76.46
56155;56;155;Pénestin;2183;17.18;82.82;6.76;93.24;17.54;82.46
56156;56;156;Persquen;350;16.86;83.14;14.71;85.29;17.09;82.91
56157;56;157;Plaudren;1803;19.63;80.37;23.44;76.56;19.49;80.51
56158;56;158;Plescop;6512;27.01;72.99;31.43;68.57;26.66;73.34
56159;56;159;Pleucadeuc;1781;18.25;81.75;20.18;79.82;18.12;81.88
56160;56;160;Pleugriffet;1172;16.13;83.87;0.0;100.0;16.62;83.38
56161;56;161;Ploemel;3142;26.67;73.33;26.92;73.08;26.66;73.34
56162;56;162;Ploemeur;20919;26.53;73.47;21.33;78.67;26.74;73.26
56163;56;163;Ploërdut;1213;18.3;81.7;12.9;87.1;18.59;81.41
56164;56;164;Ploeren;7153;27.5;72.5;22.99;77.01;27.8;72.2
56165;56;165;Ploërmel;10135;22.87;77.13;23.77;76.23;22.79;77.21
56166;56;166;Plouay;5706;21.42;78.58;20.21;79.79;21.48;78.52
56167;56;167;Plougoumelen;2870;30.14;69.86;27.2;72.8;30.27;69.73
56168;56;168;Plouharnel;2383;24.26;75.74;17.39;82.61;24.53;75.47
56169;56;169;Plouhinec;5805;23.76;76.24;24.27;75.73;23.73;76.27
56170;56;170;Plouray;1054;15.56;84.44;0.0;100.0;15.77;84.23
56171;56;171;Pluherlin;1436;18.59;81.41;20.59;79.41;18.49;81.51
56172;56;172;Plumelec;2432;16.69;83.31;18.75;81.25;16.55;83.45
56173;56;173;Pluméliau-Bieuzy;4574;21.45;78.55;20.71;79.29;21.5;78.5
56174;56;174;Plumelin;2707;22.53;77.47;16.43;83.57;22.87;77.13
56175;56;175;Plumergat;3939;23.58;76.42;21.74;78.26;23.66;76.34
56176;56;176;Pluneret;6346;25.76;74.24;20.4;79.6;26.12;73.88
56177;56;177;Pluvigner;7353;21.32;78.68;23.08;76.92;21.22;78.78
56178;56;178;Pontivy;14537;23.18;76.82;22.57;77.43;23.24;76.76
56179;56;179;Pont-Scorff;3987;25.48;74.52;10.81;89.19;26.2;73.8
56180;56;180;Porcaro;667;16.04;83.96;0.0;100.0;16.9;83.1
56181;56;181;Port-Louis;2899;23.08;76.92;18.67;81.33;23.19;76.81
56182;56;182;Priziac;903;12.18;87.82;0.0;100.0;13.17;86.83
56184;56;184;Questembert;7544;19.27;80.73;15.72;84.28;19.51;80.49
56185;56;185;Quéven;8877;22.03;77.97;17.68;82.32;22.29;77.71
56186;56;186;Quiberon;5083;19.36;80.64;10.57;89.43;19.77;80.23
56188;56;188;Quistinic;1382;21.64;78.36;8.51;91.49;22.1;77.9
56189;56;189;Radenac;974;15.71;84.29;8.62;91.38;16.16;83.84
56190;56;190;Réguiny;1757;16.22;83.78;24.56;75.44;15.64;84.36
56191;56;191;Réminiac;440;25.0;75.0;42.86;57.14;23.46;76.54
56193;56;193;Riantec;5877;20.54;79.46;14.51;85.49;20.74;79.26
56194;56;194;Rieux;2497;13.78;86.22;18.81;81.19;13.56;86.44
56195;56;195;La Roche-Bernard;811;26.14;73.86;14.06;85.94;27.18;72.82
56196;56;196;Rochefort-en-Terre;706;17.85;82.15;22.73;77.27;17.69;82.31
56197;56;197;Val d'Oust;2593;16.85;83.15;17.24;82.76;16.83;83.17
56198;56;198;Rohan;1373;12.09;87.91;20.0;80.0;11.79;88.21
56199;56;199;Roudouallec;702;18.23;81.77;37.5;62.5;16.03;83.97
56200;56;200;Ruffiac;1223;13.16;86.84;16.36;83.64;13.01;86.99
56201;56;201;Le Saint;565;15.22;84.78;;;15.22;84.78
56202;56;202;Saint-Abraham;483;19.25;80.75;23.26;76.74;18.86;81.14
56203;56;203;Saint-Aignan;617;22.2;77.8;0.0;100.0;22.5;77.5
56204;56;204;Saint-Allouestre;523;9.75;90.25;20.0;80.0;8.67;91.33
56205;56;205;Saint-Armel;972;24.18;75.82;19.23;80.77;24.31;75.69
56206;56;206;Saint-Avé;12444;26.8;73.2;25.55;74.45;26.88;73.12
56207;56;207;Saint-Barthélemy;1083;18.28;81.72;13.33;86.67;18.42;81.58
56208;56;208;Saint-Brieuc-de-Mauron;290;24.83;75.17;0.0;100.0;26.09;73.91
56209;56;209;Sainte-Brigitte;215;23.26;76.74;33.33;66.67;22.5;77.5
56210;56;210;Saint-Caradec-Trégomel;430;16.74;83.26;26.32;73.68;16.3;83.7
56211;56;211;Saint-Congard;763;20.97;79.03;0.0;100.0;22.28;77.72
56212;56;212;Saint-Dolay;2536;19.44;80.56;12.07;87.93;19.79;80.21
56213;56;213;Saint-Gérand-Croixanvec;1183;20.54;79.46;26.67;73.33;20.38;79.62
56214;56;214;Saint-Gildas-de-Rhuys;1851;23.82;76.18;19.05;80.95;23.88;76.12
56215;56;215;Saint-Gonnery;1015;20.2;79.8;0.0;100.0;20.28;79.72
56216;56;216;Saint-Gorgon;370;13.24;86.76;25.0;75.0;12.71;87.29
56218;56;218;Saint-Gravé;708;15.82;84.18;15.38;84.62;15.84;84.16
56219;56;219;Saint-Guyomard;1229;18.88;81.12;15.38;84.62;19.07;80.93
56220;56;220;Sainte-Hélène;1314;23.59;76.41;35.71;64.29;22.91;77.09
56221;56;221;Saint-Jacut-les-Pins;1617;13.61;86.39;11.48;88.52;13.78;86.22
56222;56;222;Saint-Jean-Brévelay;2587;15.62;84.38;0.0;100.0;16.49;83.51
56223;56;223;Saint-Jean-la-Poterie;1489;20.89;79.11;0.0;100.0;21.48;78.52
56224;56;224;Saint-Laurent-sur-Oust;347;15.56;84.44;25.64;74.36;14.29;85.71
56225;56;225;Saint-Léry;167;15.57;84.43;0.0;100.0;15.95;84.05
56226;56;226;Saint-Malo-de-Beignon;571;28.37;71.63;31.08;68.92;27.97;72.03
56227;56;227;Saint-Malo-des-Trois-Fontaines;462;13.2;86.8;26.67;73.33;11.75;88.25
56228;56;228;Saint-Marcel;1103;21.49;78.51;15.38;84.62;21.87;78.13
56229;56;229;Saint-Martin-sur-Oust;1171;12.72;87.28;16.95;83.05;12.5;87.5
56230;56;230;Saint-Nicolas-du-Tertre;432;19.44;80.56;39.13;60.87;18.34;81.66
56231;56;231;Saint-Nolff;3905;25.2;74.8;20.55;79.45;25.38;74.62
56232;56;232;Saint-Perreux;1017;17.11;82.89;29.31;70.69;16.37;83.63
56233;56;233;Saint-Philibert;1804;26.44;73.56;25.0;75.0;26.47;73.53
56234;56;234;Saint-Pierre-Quiberon;2535;24.85;75.15;26.56;73.44;24.81;75.19
56236;56;236;Saint-Servant;760;16.45;83.55;45.28;54.72;14.29;85.71
56237;56;237;Saint-Thuriau;1813;19.69;80.31;12.35;87.65;20.03;79.97
56238;56;238;Saint-Tugdual;349;11.17;88.83;0.0;100.0;11.85;88.15
56239;56;239;Saint-Vincent-sur-Oust;1579;22.55;77.45;27.97;72.03;22.11;77.89
56240;56;240;Sarzeau;10205;23.28;76.72;18.52;81.48;23.45;76.55
56241;56;241;Sauzon;1085;24.61;75.39;0.0;100.0;24.81;75.19
56242;56;242;Séglien;557;14.18;85.82;33.33;66.67;13.32;86.68
56243;56;243;Séné;9859;26.87;73.13;22.27;77.73;27.11;72.89
56244;56;244;Sérent;3102;18.79;81.21;14.56;85.44;19.02;80.98
56245;56;245;Silfiac;452;13.05;86.95;0.0;100.0;14.15;85.85
56246;56;246;Le Sourn;1992;19.78;80.22;22.22;77.78;19.72;80.28
56247;56;247;Sulniac;3672;22.36;77.64;20.51;79.49;22.46;77.54
56248;56;248;Surzur;5205;28.51;71.49;28.71;71.29;28.5;71.5
56249;56;249;Taupont;2235;20.45;79.55;12.38;87.62;20.85;79.15
56250;56;250;Théhillac;571;21.54;78.46;28.57;71.43;21.08;78.92
56251;56;251;Theix-Noyalo;8682;25.59;74.41;18.41;81.59;25.91;74.09
56252;56;252;Le Tour-du-Parc;1401;25.77;74.23;11.11;88.89;26.25;73.75
56253;56;253;Tréal;627;18.5;81.5;25.0;75.0;18.33;81.67
56254;56;254;Trédion;1169;19.42;80.58;15.38;84.62;19.66;80.34
56255;56;255;Treffléan;2373;24.74;75.26;13.33;86.67;25.26;74.74
56256;56;256;Tréhorenteuc;105;19.05;80.95;;;19.05;80.95
56257;56;257;La Trinité-Porhoët;642;12.77;87.23;0.0;100.0;13.38;86.62
56258;56;258;La Trinité-sur-Mer;2282;32.47;67.53;18.37;81.63;32.78;67.22
56259;56;259;La Trinité-Surzur;1621;25.11;74.89;17.65;82.35;25.52;74.48
56260;56;260;Vannes;60735;29.26;70.74;24.67;75.33;29.7;70.3
56261;56;261;La Vraie-Croix;1389;23.33;76.67;22.5;77.5;23.35;76.65
56262;56;262;Le Bono;2907;30.65;69.35;14.71;85.29;31.03;68.97
56263;56;263;Sainte-Anne-d'Auray;2841;24.96;75.04;27.64;72.36;24.83;75.17
56264;56;264;Kernascléden;400;17.25;82.75;19.05;80.95;17.04;82.96
