CODGEO;LIBGEO;Loyer prédit en euros par m²;Code département
22001;Allineuc;7.131912273;22
22002;Andel;8.549887331;22
22003;Aucaleuc;7.991451151;22
22004;Bégard;7.633851683;22
22005;Belle-Isle-en-Terre;6.140839653;22
22006;Berhet;7.394885937;22
22008;Bobital;8.344447085;22
22009;Le Bodéo;7.595736608;22
22011;Boqueho;8.186327117;22
22012;La Bouillie;8.549887331;22
22013;Bourbriac;6.140839653;22
22014;Bourseul;7.991451151;22
22015;Bréhand;7.991451151;22
22016;Île-de-Bréhat;10.67180977;22
22018;Brélidy;7.394885937;22
22019;Bringolo;8.186327117;22
22020;Broons;7.657484343;22
22021;Brusvily;8.344447085;22
22023;Bulat-Pestivien;7.044022226;22
22024;Calanhel;6.140839653;22
22025;Callac;7.044022226;22
22026;Calorguen;8.344447085;22
22027;Le Cambout;7.16132059;22
22028;Camlez;7.959488257;22
22029;Canihuel;7.059937795;22
22030;Caouënnec-Lanvézéac;7.813625442;22
22031;Carnoët;7.044022226;22
22032;Caulnes;7.564519464;22
22033;Caurel;7.595736608;22
22034;Cavan;6.140839653;22
22035;Les Champs-Géraux;8.344447085;22
22036;La Chapelle-Blanche;6.787694606;22
22037;La Chapelle-Neuve;6.140839653;22
22038;Châtelaudren;8.241586716;22
22039;La Chèze;7.16132059;22
22040;Coadout;6.140839653;22
22041;Coatascorn;7.394885937;22
22042;Coatréven;7.959488257;22
22043;Coëtlogon;7.16132059;22
22044;Coëtmieux;8.549887331;22
22045;Cohiniac;8.186327117;22
22046;Le Mené;6.787694606;22
22047;Corlay;7.595736608;22
22048;Corseul;7.991451151;22
22049;Créhen;8.549887331;22
22050;Dinan;9.671145982;22
22052;Duault;7.044022226;22
22053;Éréac;7.16132059;22
22054;Erquy;8.549887331;22
22055;Binic-Étables-sur-Mer;9.138344691;22
22056;Évran;8.344447085;22
22057;Le Faouët;7.394885937;22
22059;Le Foeil;7.131912273;22
22060;Gausson;6.787694606;22
22061;Glomel;7.059937795;22
22062;Gomené;7.16132059;22
22063;Gommenec'h;7.394885937;22
22064;Gouarec;7.059937795;22
22065;Goudelin;8.186327117;22
22067;Grâces;6.140839653;22
22068;Grâce-Uzel;6.787694606;22
22069;Guenroc;6.787694606;22
22070;Guingamp;8.688697174;22
22071;Guitté;8.344447085;22
22072;Gurunhuel;6.140839653;22
22073;La Harmoye;7.131912273;22
22074;Le Haut-Corlay;7.595736608;22
22075;Hémonstoir;7.719318416;22
22076;Hénanbihen;8.549887331;22
22077;Hénansal;8.549887331;22
22078;Hengoat;7.394885937;22
22079;Hénon;7.131912273;22
22081;Hillion;9.203497598;22
22082;Le Hinglé;8.344447085;22
22083;Illifaut;7.16132059;22
22084;Jugon-les-Lacs - Commune nouvelle;7.991451151;22
22085;Kerbors;7.959488257;22
22086;Kerfot;7.959488257;22
22087;Kergrist-Moëlou;7.059937795;22
22088;Kerien;7.059937795;22
22090;Kermaria-Sulard;7.959488257;22
22091;Kermoroc'h;7.394885937;22
22092;Kerpert;6.140839653;22
22093;Lamballe;9.019463536;22
22094;Lancieux;10.25779495;22
22095;Landebaëron;7.394885937;22
22096;Landébia;8.549887331;22
22097;La Landec;7.991451151;22
22098;Landéhen;7.991451151;22
22099;Lanfains;7.131912273;22
22100;Langast;6.787694606;22
22101;Langoat;6.140839653;22
22103;Langrolay-sur-Rance;7.991451151;22
22104;Languédias;8.344447085;22
22105;Languenan;7.991451151;22
22106;Langueux;9.174572981;22
22107;Bon Repos sur Blavet;7.595736608;22
22108;Lanleff;7.394885937;22
22109;Lanloup;7.959488257;22
22110;Lanmérin;7.813625442;22
22111;Lanmodez;7.959488257;22
22112;Lannebert;7.394885937;22
22113;Lannion;8.898073194;22
22114;Lanrelas;6.787694606;22
22115;Lanrivain;7.059937795;22
22116;Lanrodec;8.186327117;22
22117;Lantic;8.186327117;22
22118;Lanvallay;8.94844321;22
22119;Lanvellec;7.813625442;22
22121;Lanvollon;7.9954426;22
22122;Laurenan;7.16132059;22
22123;Léhon;7.991451151;22
22124;Lescouët-Gouarec;7.595736608;22
22126;Le Leslay;8.186327117;22
22127;Lézardrieux;7.959488257;22
22128;Locarn;7.059937795;22
22129;Loc-Envel;6.140839653;22
22131;Loguivy-Plougras;6.140839653;22
22132;Lohuec;6.140839653;22
22133;Loscouët-sur-Meu;6.787694606;22
22134;Louannec;7.959488257;22
22135;Louargat;6.140839653;22
22136;Loudéac;8.220955965;22
22137;Maël-Carhaix;7.059937795;22
22138;Maël-Pestivien;7.059937795;22
22139;Magoar;7.059937795;22
22140;La Malhoure;7.991451151;22
22141;Mantallot;7.394885937;22
22143;Matignon;8.790942138;22
22144;La Méaugon;8.186327117;22
22145;Mégrit;7.991451151;22
22146;Mellionnec;7.595736608;22
22147;Merdrignac;6.986400538;22
22148;Mérillac;7.16132059;22
22149;Merléac;7.595736608;22
22150;Le Merzer;8.186327117;22
22152;Minihy-Tréguier;7.959488257;22
22153;Moncontour;7.131912273;22
22154;Morieux;8.549887331;22
22155;La Motte;6.787694606;22
22156;Moustéru;6.140839653;22
22157;Le Moustoir;7.044022226;22
22158;Guerlédan;7.595736608;22
22160;Noyal;7.991451151;22
22161;Pabu;7.394885937;22
22162;Paimpol;9.515488407;22
22163;Paule;7.044022226;22
22164;Pédernec;6.140839653;22
22165;Penguily;7.991451151;22
22166;Penvénan;7.959488257;22
22168;Perros-Guirec;9.06586326;22
22169;Peumerit-Quintin;7.059937795;22
22170;Plaine-Haute;8.432379664;22
22171;Plaintel;8.212671686;22
22172;Plancoët;8.288313104;22
22173;Planguenoual;8.549887331;22
22174;Pléboulle;8.549887331;22
22175;Plédéliac;7.991451151;22
22176;Plédran;8.844542724;22
22177;Pléguien;8.186327117;22
22178;Pléhédel;7.959488257;22
22179;Fréhel;8.549887331;22
22180;Plélan-le-Petit;7.991451151;22
22181;Plélauff;7.595736608;22
22182;Plélo;8.186327117;22
22183;Les Moulins;7.367100588;22
22184;Plémy;7.131912273;22
22185;Plénée-Jugon;6.787694606;22
22186;Pléneuf-Val-André;10.09281436;22
22187;Plérin;9.654851758;22
22188;Plerneuf;8.186327117;22
22189;Plésidy;6.140839653;22
22190;Pleslin-Trigavou;7.991451151;22
22193;Plestan;7.991451151;22
22194;Plestin-les-Grèves;8.414124496;22
22195;Pleubian;7.959488257;22
22196;Pleudaniel;7.959488257;22
22197;Pleudihen-sur-Rance;7.522100931;22
22198;Pleumeur-Bodou;7.812942492;22
22199;Pleumeur-Gautier;7.959488257;22
22200;Pléven;8.549887331;22
22201;Plévenon;8.549887331;22
22202;Plévin;7.059937795;22
22203;Ploeuc-L'Hermitage;8.313247669;22
22204;Ploëzal;7.959488257;22
22205;Plorec-sur-Arguenon;8.549887331;22
22206;Plouagat;8.186327117;22
22207;Plouaret;7.813625442;22
22208;Plouasne;6.787694606;22
22209;Beaussais-sur-Mer;9.595489638;22
22210;Ploubazlanec;10.67180977;22
22211;Ploubezre;8.262488769;22
22212;Plouëc-du-Trieux;7.394885937;22
22213;Plouër-sur-Rance;7.991451151;22
22214;Plouézec;7.959488257;22
22215;Ploufragan;8.816907405;22
22216;Plougonver;6.140839653;22
22217;Plougras;6.140839653;22
22218;Plougrescant;7.959488257;22
22219;Plouguenast;6.787694606;22
22220;Plouguernével;7.059937795;22
22221;Plouguiel;7.959488257;22
22222;Plouha;8.82119321;22
22223;Plouisy;6.140839653;22
22224;Ploulec'h;7.813625442;22
22225;Ploumagoar;8.231761288;22
22226;Ploumilliau;7.813625442;22
22227;Plounérin;6.140839653;22
22228;Plounévez-Moëdec;6.140839653;22
22229;Plounévez-Quintin;7.059937795;22
22231;Plourac'h;7.044022226;22
22232;Plourhan;8.808899123;22
22233;Plourivo;7.959488257;22
22234;Plouvara;8.186327117;22
22235;Plouzélambre;7.813625442;22
22236;Pludual;7.959488257;22
22237;Pluduno;7.991451151;22
22238;Plufur;6.140839653;22
22239;Plumaudan;8.344447085;22
22240;Plumaugat;6.787694606;22
22241;Plumieux;7.16132059;22
22242;Plurien;8.549887331;22
22243;Plusquellec;7.044022226;22
22244;Plussulien;7.595736608;22
22245;Pluzunet;6.140839653;22
22246;Pommeret;8.549887331;22
22247;Pommerit-Jaudy;7.394885937;22
22248;Pommerit-le-Vicomte;7.394885937;22
22249;Pont-Melvez;6.140839653;22
22250;Pontrieux;7.312957885;22
22251;Pordic;9.710581949;22
22253;Pouldouran;7.394885937;22
22254;Prat;7.394885937;22
22255;La Prénessaye;6.787694606;22
22256;Quemper-Guézennec;7.959488257;22
22257;Quemperven;7.813625442;22
22258;Quessoy;8.002274109;22
22259;Quévert;7.991451151;22
22260;Le Quillio;7.595736608;22
22261;Quintenic;7.991451151;22
22262;Quintin;7.585804219;22
22263;Le Quiou;8.344447085;22
22264;La Roche-Derrien;7.394885937;22
22265;Rospez;7.959488257;22
22266;Rostrenen;7.096348374;22
22267;Rouillac;6.787694606;22
22268;Ruca;8.549887331;22
22269;Runan;7.394885937;22
22271;Saint-Adrien;8.186327117;22
22272;Saint-Agathon;7.394885937;22
22273;Saint-Alban;8.549887331;22
22274;Saint-André-des-Eaux;8.344447085;22
22275;Saint-Barnabé;6.787694606;22
22276;Saint-Bihy;7.131912273;22
22277;Saint-Brandan;7.131912273;22
22278;Saint-Brieuc;8.687295091;22
22279;Saint-Caradec;7.595736608;22
22280;Saint-Carné;8.344447085;22
22281;Saint-Carreuc;7.131912273;22
22282;Saint-Cast-le-Guildo;9.01879928;22
22283;Saint-Clet;7.959488257;22
22284;Saint-Connan;6.140839653;22
22285;Saint-Connec;7.595736608;22
22286;Saint-Denoual;8.549887331;22
22287;Saint-Donan;7.131912273;22
22288;Saint-Étienne-du-Gué-de-l'Isle;7.16132059;22
22289;Saint-Fiacre;6.140839653;22
22291;Saint-Gildas;6.140839653;22
22293;Saint-Gilles-les-Bois;7.394885937;22
22294;Saint-Gilles-Pligeaux;7.059937795;22
22295;Saint-Gilles-Vieux-Marché;7.595736608;22
22296;Saint-Glen;7.991451151;22
22299;Saint-Hélen;8.344447085;22
22300;Saint-Hervé;6.787694606;22
22302;Saint-Jacut-de-la-Mer;8.549887331;22
22304;Saint-Jean-Kerdaniel;8.186327117;22
22305;Saint-Jouan-de-l'Isle;6.787694606;22
22306;Saint-Judoce;8.344447085;22
22307;Saint-Julien;8.797147733;22
22308;Saint-Juvat;8.344447085;22
22309;Saint-Launeuc;6.787694606;22
22310;Saint-Laurent;6.140839653;22
22311;Saint-Lormel;8.549887331;22
22312;Saint-Maden;8.344447085;22
22313;Saint-Martin-des-Prés;7.595736608;22
22314;Saint-Maudan;6.787694606;22
22315;Saint-Maudez;7.991451151;22
22316;Saint-Mayeux;7.595736608;22
22317;Saint-Méloir-des-Bois;7.991451151;22
22318;Saint-Michel-de-Plélan;7.991451151;22
22319;Saint-Michel-en-Grève;7.813625442;22
22320;Saint-Nicodème;7.059937795;22
22321;Saint-Nicolas-du-Pélem;7.059937795;22
22322;Saint-Péver;8.186327117;22
22323;Saint-Pôtan;8.549887331;22
22324;Saint-Quay-Perros;7.959488257;22
22325;Saint-Quay-Portrieux;9.522171627;22
22326;Saint-Rieul;7.991451151;22
22327;Saint-Samson-sur-Rance;8.344447085;22
22328;Saint-Servais;7.044022226;22
22330;Saint-Thélo;6.787694606;22
22331;Sainte-Tréphine;7.595736608;22
22332;Saint-Trimoël;7.991451151;22
22333;Saint-Vran;7.16132059;22
22334;Saint-Igeaux;7.595736608;22
22335;Senven-Léhart;6.140839653;22
22337;Sévignac;6.787694606;22
22338;Squiffiec;7.394885937;22
22339;Taden;7.991451151;22
22340;Tonquédec;7.813625442;22
22341;Tramain;7.991451151;22
22342;Trébédan;8.344447085;22
22343;Trébeurden;8.941078752;22
22344;Trébrivan;7.044022226;22
22345;Trébry;7.991451151;22
22346;Trédaniel;7.131912273;22
22347;Trédarzec;7.959488257;22
22348;Trédias;6.787694606;22
22349;Trédrez-Locquémeau;7.813625442;22
22350;Tréduder;7.813625442;22
22351;Treffrin;7.044022226;22
22352;Tréfumel;8.344447085;22
22353;Trégastel;8.579789094;22
22354;Tréglamus;6.140839653;22
22356;Trégomeur;8.186327117;22
22358;Trégonneau;7.394885937;22
22359;Trégrom;6.140839653;22
22360;Trégueux;9.226490049;22
22361;Tréguidel;8.186327117;22
22362;Tréguier;8.640762868;22
22363;Trélévern;7.959488257;22
22364;Trélivan;7.991451151;22
22365;Trémargat;7.059937795;22
22366;Trémel;6.140839653;22
22368;Tréméreuc;7.991451151;22
22369;Trémeur;6.787694606;22
22370;Tréméven;7.394885937;22
22371;Trémorel;6.787694606;22
22372;Trémuson;8.432379664;22
22373;Tréogan;7.059937795;22
22375;Tressignaux;7.394885937;22
22376;Trévé;6.787694606;22
22377;Tréveneuc;8.808899123;22
22378;Trévérec;7.394885937;22
22379;Trévou-Tréguignec;7.959488257;22
22380;Trévron;8.344447085;22
22381;Trézény;7.959488257;22
22383;Troguéry;7.394885937;22
22384;Uzel;7.595736608;22
22385;La Vicomté-sur-Rance;8.344447085;22
22386;Le Vieux-Bourg;7.131912273;22
22387;Le Vieux-Marché;7.813625442;22
22388;Vildé-Guingalan;7.991451151;22
22389;Yffiniac;8.920028232;22
22390;Yvias;7.959488257;22
22391;Yvignac-la-Tour;8.344447085;22
29001;Argol;8.156309401;29
29002;Arzano;9.27214757;29
29003;Audierne;9.000589254;29
29004;Bannalec;8.421400043;29
29005;Baye;8.942589629;29
29006;Bénodet;9.918849758;29
29007;Berrien;7.044022226;29
29008;Beuzec-Cap-Sizun;8.612977415;29
29010;Bodilis;7.507638638;29
29011;Bohars;9.332299746;29
29012;Bolazec;7.044022226;29
29013;Botmeur;7.044022226;29
29014;Botsorhel;7.044022226;29
29015;Bourg-Blanc;9.332299746;29
29016;Brasparts;7.044022226;29
29017;Brélès;9.332299746;29
29018;Brennilis;7.044022226;29
29019;Brest;9.564490308;29
29020;Briec;8.285202071;29
29021;Plounéour-Brignogan-plages;7.507638638;29
29022;Camaret-sur-Mer;8.156309401;29
29023;Carantec;8.963474617;29
29024;Carhaix-Plouguer;8.158967834;29
29025;Cast;8.069974574;29
29026;Châteaulin;8.284084077;29
29027;Châteauneuf-du-Faou;7.474273832;29
29028;Cléden-Cap-Sizun;8.612977415;29
29029;Cléden-Poher;7.059937795;29
29030;Cléder;7.507638638;29
29031;Clohars-Carnoët;9.543426109;29
29032;Clohars-Fouesnant;9.593776544;29
29033;Le Cloître-Pleyben;7.748584147;29
29034;Le Cloître-Saint-Thégonnec;7.044022226;29
29035;Coat-Méal;9.332299746;29
29036;Collorec;7.044022226;29
29037;Combrit;8.612977415;29
29038;Commana;7.044022226;29
29039;Concarneau;10.26985145;29
29040;Le Conquet;9.915606645;29
29041;Coray;8.069974574;29
29042;Crozon;8.988882828;29
29043;Daoulas;9.015741433;29
29044;Dinéault;7.748584147;29
29045;Dirinon;9.015741433;29
29046;Douarnenez;9.292479354;29
29047;Le Drennec;9.015741433;29
29048;Edern;8.069974574;29
29049;Elliant;8.933838243;29
29051;Ergué-Gabéric;8.933838243;29
29053;Le Faou;8.819077673;29
29054;La Feuillée;7.044022226;29
29055;Le Folgoët;9.015741433;29
29056;La Forest-Landerneau;9.015741433;29
29057;La Forêt-Fouesnant;9.915915244;29
29058;Fouesnant;9.634840229;29
29059;Garlan;7.044022226;29
29060;Gouesnach;9.593776544;29
29061;Gouesnou;10.07609475;29
29062;Gouézec;7.044022226;29
29063;Goulien;8.612977415;29
29064;Goulven;7.507638638;29
29065;Gourlizon;8.069974574;29
29066;Guengat;8.069974574;29
29067;Guerlesquin;6.140839653;29
29068;Guiclan;7.507638638;29
29069;Guilers;10.40387866;29
29070;Guiler-sur-Goyen;8.069974574;29
29071;Guilligomarc'h;7.059937795;29
29072;Guilvinec;8.666942146;29
29073;Guimaëc;7.044022226;29
29074;Guimiliau;7.507638638;29
29075;Guipavas;10.32183852;29
29076;Milizac-Guipronvel;9.332299746;29
29077;Guissény;7.507638638;29
29078;Hanvec;9.015741433;29
29079;Henvic;7.507638638;29
29080;Hôpital-Camfrout;9.015741433;29
29081;Huelgoat;7.044022226;29
29082;Île-de-Batz;8.599623585;29
29083;Île-de-Sein;8.612977415;29
29084;Île-Molène;9.332299746;29
29085;Île-Tudy;8.612977415;29
29086;Irvillac;9.015741433;29
29087;Le Juch;8.612977415;29
29089;Kergloff;7.044022226;29
29090;Kerlaz;8.069974574;29
29091;Kerlouan;7.507638638;29
29093;Kernilis;7.507638638;29
29094;Kernouës;9.015741433;29
29095;Kersaint-Plabennec;9.015741433;29
29097;Lampaul-Guimiliau;7.507638638;29
29098;Lampaul-Plouarzel;9.332299746;29
29099;Lampaul-Ploudalmézeau;9.332299746;29
29100;Lanarvily;9.015741433;29
29101;Landéda;7.507638638;29
29102;Landeleau;7.059937795;29
29103;Landerneau;9.035577053;29
29104;Landévennec;8.156309401;29
29105;Landivisiau;8.044478377;29
29106;Landrévarzec;8.069974574;29
29107;Landudal;8.933838243;29
29108;Landudec;8.069974574;29
29109;Landunvez;9.332299746;29
29110;Langolen;8.933838243;29
29111;Lanhouarneau;7.507638638;29
29112;Lanildut;9.332299746;29
29113;Lanmeur;7.044022226;29
29114;Lannéanou;7.044022226;29
29115;Lannédern;7.748584147;29
29116;Lanneuffret;9.015741433;29
29117;Lannilis;8.266603087;29
29119;Lanrivoaré;9.332299746;29
29120;Lanvéoc;8.156309401;29
29122;Laz;7.059937795;29
29123;Lennon;7.044022226;29
29124;Lesneven;8.591958336;29
29125;Leuhan;7.059937795;29
29126;Loc-Brévalaire;9.015741433;29
29128;Loc-Eguiner;7.507638638;29
29129;Locmaria-Berrien;7.044022226;29
29130;Locmaria-Plouzané;9.915606645;29
29131;Locmélar;7.507638638;29
29132;Locquénolé;7.507638638;29
29133;Locquirec;7.044022226;29
29134;Locronan;8.069974574;29
29135;Loctudy;8.612977415;29
29136;Locunolé;9.27214757;29
29137;Logonna-Daoulas;9.015741433;29
29139;Lopérec;7.748584147;29
29140;Loperhet;9.015741433;29
29141;Loqueffret;7.748584147;29
29142;Lothey;8.069974574;29
29143;Mahalon;8.612977415;29
29144;La Martyre;9.015741433;29
29145;Confort-Meilars;8.612977415;29
29146;Melgven;8.933838243;29
29147;Mellac;9.27214757;29
29148;Mespaul;7.507638638;29
29150;Moëlan-sur-Mer;9.158422569;29
29151;Morlaix;8.07976121;29
29152;Motreff;7.059937795;29
29153;Névez;8.942589629;29
29155;Ouessant;9.332299746;29
29156;Pencran;9.015741433;29
29158;Penmarch;8.134594047;29
29159;Peumerit;8.612977415;29
29160;Plabennec;9.521096209;29
29161;Pleuven;9.593776544;29
29162;Pleyben;7.875503843;29
29163;Pleyber-Christ;7.044022226;29
29165;Plobannalec-Lesconil;8.612977415;29
29166;Ploéven;8.069974574;29
29167;Plogastel-Saint-Germain;8.612977415;29
29168;Plogoff;8.612977415;29
29169;Plogonnec;8.069974574;29
29170;Plomelin;9.289120266;29
29171;Plomeur;8.612977415;29
29172;Plomodiern;8.069974574;29
29173;Plonéis;8.069974574;29
29174;Plonéour-Lanvern;8.547376665;29
29175;Plonévez-du-Faou;7.044022226;29
29176;Plonévez-Porzay;8.069974574;29
29177;Plouarzel;9.332299746;29
29178;Ploudalmézeau;9.199566877;29
29179;Ploudaniel;9.015741433;29
29180;Ploudiry;7.507638638;29
29181;Plouédern;9.015741433;29
29182;Plouégat-Guérand;6.140839653;29
29183;Plouégat-Moysan;6.140839653;29
29184;Plouénan;7.507638638;29
29185;Plouescat;7.899708997;29
29186;Plouezoc'h;7.044022226;29
29187;Plougar;7.507638638;29
29188;Plougasnou;7.044022226;29
29189;Plougastel-Daoulas;10.49842336;29
29190;Plougonvelin;9.925133895;29
29191;Plougonven;7.044022226;29
29192;Plougoulm;7.507638638;29
29193;Plougourvest;7.507638638;29
29195;Plouguerneau;8.310889003;29
29196;Plouguin;9.332299746;29
29197;Plouhinec;8.612977415;29
29198;Plouider;7.507638638;29
29199;Plouigneau;7.044022226;29
29201;Ploumoguer;9.332299746;29
29202;Plounéour-Ménez;7.044022226;29
29204;Plounéventer;9.015741433;29
29205;Plounévézel;7.044022226;29
29206;Plounévez-Lochrist;7.507638638;29
29207;Plourin-lès-Morlaix;7.044022226;29
29208;Plourin;9.332299746;29
29209;Plouvien;9.332299746;29
29210;Plouvorn;7.507638638;29
29211;Plouyé;7.044022226;29
29212;Plouzané;10.16885637;29
29213;Plouzévédé;7.507638638;29
29214;Plovan;8.612977415;29
29215;Plozévet;8.612977415;29
29216;Pluguffan;8.612977415;29
29217;Pont-Aven;8.942589629;29
29218;Pont-Croix;8.612977415;29
29219;Le Ponthou;6.140839653;29
29220;Pont-l'Abbé;9.111425358;29
29221;Porspoder;9.332299746;29
29222;Port-Launay;8.205847263;29
29224;Pouldergat;8.612977415;29
29225;Pouldreuzic;8.612977415;29
29226;Poullan-sur-Mer;8.612977415;29
29227;Poullaouen;7.044022226;29
29228;Primelin;8.612977415;29
29229;Quéménéven;8.069974574;29
29230;Querrien;7.059937795;29
29232;Quimper;9.432828209;29
29233;Quimperlé;9.164660482;29
29234;Rédené;9.27214757;29
29235;Le Relecq-Kerhuon;10.20453861;29
29236;Riec-sur-Bélon;8.942589629;29
29237;La Roche-Maurice;9.015741433;29
29238;Roscanvel;8.156309401;29
29239;Roscoff;9.047737968;29
29240;Rosnoën;7.748584147;29
29241;Rosporden;8.573340903;29
29243;Saint-Coulitz;8.069974574;29
29244;Saint-Derrien;7.507638638;29
29245;Saint-Divy;9.015741433;29
29246;Saint-Eloy;9.015741433;29
29247;Saint-Évarzec;9.593776544;29
29248;Saint-Frégant;7.507638638;29
29249;Saint-Goazec;7.044022226;29
29250;Saint-Hernin;7.059937795;29
29251;Saint-Jean-du-Doigt;7.044022226;29
29252;Saint-Jean-Trolimon;8.612977415;29
29254;Saint-Martin-des-Champs;8.535796954;29
29255;Saint-Méen;7.507638638;29
29256;Saint-Nic;8.156309401;29
29257;Saint-Pabu;9.332299746;29
29259;Saint-Pol-de-Léon;8.173703313;29
29260;Saint-Renan;10.29824883;29
29261;Saint-Rivoal;7.748584147;29
29262;Saint-Sauveur;7.044022226;29
29263;Saint-Ségal;7.748584147;29
29264;Saint-Servais;7.507638638;29
29265;Sainte-Sève;7.507638638;29
29266;Saint-Thégonnec Loc-Eguiner;7.507638638;29
29267;Saint-Thois;7.044022226;29
29268;Saint-Thonan;9.015741433;29
29269;Saint-Thurien;7.059937795;29
29270;Saint-Urbain;9.015741433;29
29271;Saint-Vougay;7.507638638;29
29272;Saint-Yvi;8.933838243;29
29273;Santec;7.507638638;29
29274;Scaër;7.059937795;29
29275;Scrignac;7.044022226;29
29276;Sibiril;7.507638638;29
29277;Sizun;7.044022226;29
29278;Spézet;7.044022226;29
29279;Taulé;7.507638638;29
29280;Telgruc-sur-Mer;8.156309401;29
29281;Tourch;8.069974574;29
29282;Trébabu;9.915606645;29
29284;Treffiagat;8.612977415;29
29285;Tréflaouénan;7.507638638;29
29286;Tréflévénez;7.044022226;29
29287;Tréflez;7.507638638;29
29288;Trégarantec;9.015741433;29
29289;Trégarvan;8.156309401;29
29290;Tréglonou;7.507638638;29
29291;Trégourez;8.069974574;29
29292;Tréguennec;8.612977415;29
29293;Trégunc;9.346305985;29
29294;Le Tréhou;7.044022226;29
29295;Trémaouézan;9.015741433;29
29296;Tréméoc;8.612977415;29
29297;Tréméven;9.27214757;29
29298;Tréogat;8.612977415;29
29299;Tréouergat;9.332299746;29
29300;Le Trévoux;9.27214757;29
29301;Trézilidé;7.507638638;29
29302;Pont-de-Buis-lès-Quimerch;7.591049364;29
35001;Acigné;10.54158832;35
35002;Amanlis;7.615060845;35
35003;Andouillé-Neuville;7.180872466;35
35004;Antrain;7.205875161;35
35005;Arbrissel;6.702648464;35
35006;Argentré-du-Plessis;8.889228516;35
35007;Aubigné;8.344447085;35
35008;Availles-sur-Seiche;7.221380269;35
35009;Baguer-Morvan;7.522100931;35
35010;Baguer-Pican;7.522100931;35
35011;Baillé;7.522100931;35
35012;Bain-de-Bretagne;9.042236505;35
35013;Bains-sur-Oust;7.328328087;35
35014;Bais;6.906381581;35
35015;Balazé;6.815471874;35
35016;Baulon;7.651786079;35
35017;La Baussaine;8.873637794;35
35018;La Bazouge-du-Désert;6.239151766;35
35019;Bazouges-la-Pérouse;7.180872466;35
35021;Beaucé;6.815471874;35
35022;Bécherel;8.344447085;35
35023;Bédée;9.530333219;35
35024;Betton;10.58580563;35
35025;Billé;6.815471874;35
35026;Bléruais;7.651786079;35
35027;Boisgervilly;7.651786079;35
35028;Boistrudan;7.615060845;35
35029;Bonnemain;7.522100931;35
35030;La Bosse-de-Bretagne;7.389438362;35
35031;La Bouëxière;8.152391811;35
35032;Bourgbarré;9.514016035;35
35033;Bourg-des-Comptes;8.027714937;35
35034;La Boussac;7.522100931;35
35035;Bovel;7.651786079;35
35037;Bréal-sous-Montfort;9.321646436;35
35038;Bréal-sous-Vitré;6.815471874;35
35039;Brécé;9.29624415;35
35040;Breteil;7.651786079;35
35041;Brie;7.615060845;35
35042;Brielles;8.259851102;35
35044;Broualan;7.522100931;35
35045;Bruc-sur-Aff;7.328328087;35
35046;Les Brulais;7.255186612;35
35047;Bruz;10.51463401;35
35049;Cancale;10.02034204;35
35050;Cardroc;8.344447085;35
35051;Cesson-Sévigné;11.45600658;35
35052;Champeaux;8.259851102;35
35053;Chancé;7.615060845;35
35054;Chanteloup;7.615060845;35
35055;Chantepie;10.96370742;35
35056;La Chapelle-aux-Filtzméens;8.344447085;35
35057;La Chapelle-Bouëxic;7.651786079;35
35058;La Chapelle-Chaussée;8.344447085;35
35059;La Chapelle-des-Fougeretz;10.75216229;35
35060;La Chapelle du Lou du Lac;9.496132719;35
35061;La Chapelle-Erbrée;6.815471874;35
35062;La Chapelle-Janson;6.815471874;35
35063;La Chapelle-Saint-Aubert;6.815471874;35
35064;La Chapelle-de-Brain;7.328328087;35
35065;La Chapelle-Thouarault;7.651786079;35
35066;Chartres-de-Bretagne;10.6354578;35
35067;Chasné-sur-Illet;6.815471874;35
35068;Châteaubourg;9.184560263;35
35069;Châteaugiron;10.25611919;35
35070;Châteauneuf-d'Ille-et-Vilaine;9.306141079;35
35071;Le Châtellier;7.205875161;35
35072;Châtillon-en-Vendelais;6.815471874;35
35075;Chauvigné;7.522100931;35
35076;Chavagne;10.06866175;35
35077;Chelun;6.702648464;35
35078;Cherrueix;7.522100931;35
35079;Chevaigné;9.474216981;35
35080;Cintré;7.651786079;35
35081;Clayes;9.496132719;35
35082;Coësmes;7.389438362;35
35084;Comblessac;7.328328087;35
35085;Combourg;8.48460059;35
35086;Combourtillé;6.815471874;35
35087;Cornillé;8.259851102;35
35088;Corps-Nuds;7.615060845;35
35089;La Couyère;7.389438362;35
35090;Crevin;8.833806223;35
35091;Le Crouais;7.651786079;35
35092;Cuguen;7.522100931;35
35093;Dinard;11.25578014;35
35094;Dingé;8.344447085;35
35095;Dol-de-Bretagne;8.837361238;35
35096;Domagné;9.199771367;35
35097;Domalain;7.221380269;35
35098;La Dominelais;7.941621569;35
35099;Domloup;10.56514193;35
35100;Dompierre-du-Chemin;6.815471874;35
35101;Dourdain;6.815471874;35
35102;Drouges;6.702648464;35
35103;Eancé;7.389438362;35
35104;Epiniac;7.522100931;35
35105;Erbrée;6.815471874;35
35106;Ercé-en-Lamée;7.389438362;35
35107;Ercé-près-Liffré;6.815471874;35
35108;Essé;7.615060845;35
35109;Étrelles;8.259851102;35
35110;Feins;7.180872466;35
35111;Le Ferré;7.205875161;35
35112;Fleurigné;6.815471874;35
35113;La Fontenelle;7.522100931;35
35114;Forges-la-Forêt;6.702648464;35
35115;Fougères;7.865004374;35
35116;La Fresnais;9.971451564;35
35117;Gaël;6.645639037;35
35118;Gahard;6.815471874;35
35119;Gennes-sur-Seiche;8.259851102;35
35120;Gévezé;9.944372248;35
35121;Gosné;6.815471874;35
35122;La Gouesnière;9.971451564;35
35123;Goven;9.190160642;35
35124;Grand-Fougeray;8.19270551;35
35125;La Guerche-de-Bretagne;7.823135091;35
35126;Guichen;9.018480174;35
35127;Guignen;7.480147635;35
35128;Guipel;7.860937964;35
35130;Hédé-Bazouges;8.935300038;35
35131;L'Hermitage;10.10111313;35
35132;Hirel;7.522100931;35
35133;Iffendic;7.651786079;35
35134;Les Iffs;8.344447085;35
35135;Irodouër;8.762824448;35
35136;Janzé;8.835532137;35
35137;Javené;6.815471874;35
35138;Laignelet;6.815471874;35
35139;Laillé;10.14178187;35
35140;Lalleu;7.389438362;35
35141;Landavran;6.815471874;35
35142;Landéan;6.239151766;35
35143;Landujan;6.787694606;35
35144;Langan;9.496132719;35
35145;Langon;7.328328087;35
35146;Langouet;9.496132719;35
35147;Lanhélin;7.522100931;35
35148;Lanrigan;8.344447085;35
35149;Lassy;10.14178187;35
35150;Lécousse;6.815471874;35
35151;Lieuron;7.651786079;35
35152;Liffré;9.510334502;35
35153;Lillemer;9.971451564;35
35154;Livré-sur-Changeon;6.815471874;35
35155;Lohéac;7.651786079;35
35156;Longaulnay;8.344447085;35
35157;Le Loroux;6.815471874;35
35159;Lourmais;7.180872466;35
35160;Loutehel;7.328328087;35
35161;Louvigné-de-Bais;8.259851102;35
35162;Louvigné-du-Désert;6.239151766;35
35163;Luitré;6.815471874;35
35164;Marcillé-Raoul;7.180872466;35
35165;Marcillé-Robert;6.702648464;35
35166;Marpiré;9.164728785;35
35167;Martigné-Ferchaud;7.291773049;35
35168;Val d'Anast;7.896689948;35
35169;Maxent;7.651786079;35
35170;Mecé;6.815471874;35
35171;Médréac;6.787694606;35
35172;Meillac;7.522100931;35
35173;Melesse;9.779544396;35
35174;Mellé;6.239151766;35
35175;Mernel;7.651786079;35
35176;Guipry-Messac;8.783831543;35
35177;La Mézière;10.30165802;35
35178;Mézières-sur-Couesnon;6.815471874;35
35179;Miniac-Morvan;8.947534348;35
35180;Miniac-sous-Bécherel;8.344447085;35
35181;Le Minihic-sur-Rance;7.991451151;35
35183;Mondevert;6.815471874;35
35184;Montauban-de-Bretagne;9.22405696;35
35185;Montautour;6.815471874;35
35186;Mont-Dol;7.522100931;35
35187;Monterfil;7.651786079;35
35188;Montfort-sur-Meu;9.149327138;35
35189;Montgermont;10.9210584;35
35190;Monthault;6.239151766;35
35191;Les Portes du Coglais;6.815471874;35
35192;Montreuil-des-Landes;6.815471874;35
35193;Montreuil-le-Gast;10.13752154;35
35194;Montreuil-sous-Pérouse;6.815471874;35
35195;Montreuil-sur-Ille;8.632756535;35
35196;Mordelles;10.25107002;35
35197;Mouazé;9.29624415;35
35198;Moulins;7.615060845;35
35199;Moussé;7.221380269;35
35200;Moutiers;7.221380269;35
35201;Muel;6.787694606;35
35202;La Noë-Blanche;8.19270551;35
35203;La Nouaye;9.496132719;35
35204;Nouvoitou;7.615060845;35
35205;Noyal-sous-Bazouges;7.180872466;35
35206;Noyal-Châtillon-sur-Seiche;10.19987757;35
35207;Noyal-sur-Vilaine;9.953913638;35
35208;Orgères;9.836585392;35
35210;Pacé;10.5931047;35
35211;Paimpont;7.16132059;35
35212;Pancé;7.615060845;35
35214;Parcé;6.815471874;35
35215;Parigné;6.815471874;35
35216;Parthenay-de-Bretagne;9.817670749;35
35217;Le Pertre;8.259851102;35
35218;Le Petit-Fougeray;7.615060845;35
35219;Pipriac;7.786165362;35
35220;Piré-sur-Seiche;7.615060845;35
35221;Pléchâtel;7.651786079;35
35222;Pleine-Fougères;7.522100931;35
35223;Plélan-le-Grand;8.237661567;35
35224;Plerguer;7.522100931;35
35225;Plesder;8.344447085;35
35226;Pleugueneuc;8.344447085;35
35227;Pleumeleuc;9.718408485;35
35228;Pleurtuit;9.982134341;35
35229;Pocé-les-Bois;8.259851102;35
35230;Poilley;7.205875161;35
35231;Poligné;7.651786079;35
35232;Princé;6.239151766;35
35233;Québriac;8.344447085;35
35234;Quédillac;6.787694606;35
35235;Rannée;7.221380269;35
35236;Redon;8.686814296;35
35237;Renac;7.328328087;35
35238;Rennes;11.7983316;35
35239;Retiers;7.721688296;35
35240;Le Rheu;10.37253277;35
35241;La Richardais;10.63212343;35
35242;Rimou;7.522100931;35
35243;Romagné;6.815471874;35
35244;Romazy;7.180872466;35
35245;Romillé;9.138649545;35
35246;Roz-Landrieux;9.971451564;35
35247;Roz-sur-Couesnon;7.522100931;35
35248;Sains;7.522100931;35
35249;Sainte-Anne-sur-Vilaine;7.328328087;35
35250;Saint-Armel;9.899596213;35
35251;Saint-Aubin-d'Aubigné;9.163109654;35
35252;Saint-Aubin-des-Landes;8.259851102;35
35253;Saint-Aubin-du-Cormier;7.853597843;35
35255;Saint-Benoît-des-Ondes;7.522100931;35
35256;Saint-Briac-sur-Mer;10.25779495;35
35257;Maen Roch;7.181582879;35
35258;Saint-Brieuc-des-Iffs;8.344447085;35
35259;Saint-Broladre;7.522100931;35
35260;Saint-Christophe-des-Bois;6.815471874;35
35261;Saint-Christophe-de-Valains;7.522100931;35
35262;Sainte-Colombe;7.389438362;35
35263;Saint-Coulomb;9.971451564;35
35264;Saint-Didier;8.259851102;35
35265;Saint-Domineuc;8.873637794;35
35266;Saint-Erblon;10.09865565;35
35268;Saint-Ganton;7.328328087;35
35269;Saint-Georges-de-Chesné;6.815471874;35
35270;Saint-Georges-de-Gréhaigne;7.522100931;35
35271;Saint-Georges-de-Reintembault;6.239151766;35
35272;Saint-Germain-du-Pinel;7.221380269;35
35273;Saint-Germain-en-Coglès;6.815471874;35
35274;Saint-Germain-sur-Ille;9.474216981;35
35275;Saint-Gilles;9.941979582;35
35276;Saint-Gondran;8.344447085;35
35277;Saint-Gonlay;6.787694606;35
35278;Saint-Grégoire;11.33767722;35
35279;Saint-Guinoux;9.971451564;35
35280;Saint-Hilaire-des-Landes;7.522100931;35
35281;Saint-Jacques-de-la-Lande;11.05594586;35
35282;Saint-Jean-sur-Couesnon;6.815471874;35
35283;Saint-Jean-sur-Vilaine;8.259851102;35
35284;Saint-Jouan-des-Guérets;10.23790644;35
35285;Saint-Just;7.328328087;35
35286;Saint-Léger-des-Prés;7.180872466;35
35287;Saint-Lunaire;10.25779495;35
35288;Saint-Malo;10.46485504;35
35289;Saint-Malo-de-Phily;7.651786079;35
35290;Saint-Malon-sur-Mel;6.787694606;35
35291;Saint-Marcan;7.522100931;35
35292;Saint-Marc-le-Blanc;7.522100931;35
35293;Saint-Marc-sur-Couesnon;6.815471874;35
35294;Sainte-Marie;7.328328087;35
35295;Saint-Maugan;7.651786079;35
35296;Saint-Médard-sur-Ille;8.344447085;35
35297;Saint-Méen-le-Grand;7.90520496;35
35299;Saint-Méloir-des-Ondes;9.61850125;35
35300;Saint-M'Hervé;6.815471874;35
35301;Saint-M'Hervon;9.496132719;35
35302;Saint-Onen-la-Chapelle;7.651786079;35
35303;Saint-Ouen-la-Rouërie;7.205875161;35
35304;Saint-Ouen-des-Alleux;7.522100931;35
35305;Saint-Péran;7.651786079;35
35306;Saint-Père;9.971451564;35
35307;Saint-Pern;6.787694606;35
35308;Saint-Pierre-de-Plesguen;7.522100931;35
35309;Saint-Rémy-du-Plain;7.522100931;35
35310;Saint-Sauveur-des-Landes;6.815471874;35
35311;Saint-Séglin;7.328328087;35
35312;Saint-Senoux;7.651786079;35
35314;Saint-Suliac;9.971451564;35
35315;Saint-Sulpice-la-Forêt;9.29624415;35
35316;Saint-Sulpice-des-Landes;7.941621569;35
35317;Saint-Symphorien;9.496132719;35
35318;Saint-Thual;8.344447085;35
35319;Saint-Thurial;9.078035504;35
35320;Saint-Uniac;7.651786079;35
35321;Saulnières;7.615060845;35
35322;Le Sel-de-Bretagne;7.615060845;35
35324;La Selle-en-Luitré;6.815471874;35
35325;La Selle-Guerchaise;7.221380269;35
35326;Sens-de-Bretagne;7.180872466;35
35327;Servon-sur-Vilaine;9.144940127;35
35328;Sixt-sur-Aff;7.328328087;35
35329;Sougéal;7.522100931;35
35330;Taillis;6.815471874;35
35331;Talensac;7.651786079;35
35332;Teillay;7.389438362;35
35333;Le Theil-de-Bretagne;7.615060845;35
35334;Thorigné-Fouillard;10.46986866;35
35335;Thourie;7.389438362;35
35336;Le Tiercent;7.522100931;35
35337;Tinténiac;8.940848219;35
35338;Torcé;8.259851102;35
35339;Trans-la-Forêt;7.522100931;35
35340;Treffendel;7.651786079;35
35341;Tremblay;7.522100931;35
35342;Trémeheuc;7.180872466;35
35343;Tresboeuf;7.389438362;35
35344;Tressé;7.522100931;35
35345;Trévérien;8.344447085;35
35346;Trimer;8.344447085;35
35347;Val-d'Izé;6.815471874;35
35348;Vendel;6.815471874;35
35350;Vergéal;7.221380269;35
35351;Le Verger;7.651786079;35
35352;Vern-sur-Seiche;10.62993885;35
35353;Vezin-le-Coquet;11.2085661;35
35354;Vieux-Viel;7.522100931;35
35355;Vieux-Vy-sur-Couesnon;7.522100931;35
35356;Vignoc;10.13752154;35
35357;Villamée;6.239151766;35
35358;La Ville-ès-Nonais;9.971451564;35
35359;Visseiche;7.221380269;35
35360;Vitré;8.917200941;35
35361;Le Vivier-sur-Mer;7.522100931;35
35362;Le Tronchet;7.522100931;35
35363;Pont-Péan;9.713531935;35
44001;Abbaretz;7.389438362;44
44002;Aigrefeuille-sur-Maine;10.02128293;44
44003;Ancenis;9.59517652;44
44005;Chaumes-en-Retz;9.37964253;44
44006;Assérac;9.489064893;44
44007;Avessac;7.328328087;44
44009;Basse-Goulaine;11.88748613;44
44010;Batz-sur-Mer;11.33333013;44
44012;La Bernerie-en-Retz;11.74274713;44
44013;Besné;9.79335782;44
44014;Le Bignon;10.88192078;44
44015;Blain;9.441023841;44
44016;La Boissière-du-Doré;9.075919224;44
44017;Bonnoeuvre;7.389438362;44
44018;Bouaye;11.35415277;44
44019;Bouée;10.41450632;44
44020;Bouguenais;11.90793177;44
44021;Villeneuve-en-Retz;10.55272351;44
44022;Boussay;9.369326494;44
44023;Bouvron;9.356319269;44
44024;Brains;9.79335782;44
44025;Campbon;9.79335782;44
44026;Carquefou;12.10151642;44
44027;Casson;10.34993459;44
44028;Le Cellier;10.88968987;44
44029;Divatte-sur-Loire;10.88968987;44
44030;La Chapelle-des-Marais;9.348074511;44
44031;La Chapelle-Glain;7.389438362;44
44032;La Chapelle-Heulin;10.02128293;44
44033;La Chapelle-Launay;9.79335782;44
44035;La Chapelle-sur-Erdre;11.80066299;44
44036;Châteaubriant;7.901242854;44
44037;Château-Thébaud;10.02128293;44
44038;Chauvé;9.37964253;44
44039;Cheix-en-Retz;9.79335782;44
44041;La Chevrolière;10.88192078;44
44043;Clisson;10.34320933;44
44044;Conquereuil;8.19270551;44
44045;Cordemais;10.34993459;44
44046;Corsept;9.37964253;44
44047;Couëron;11.02702147;44
44048;Couffé;9.075919224;44
44049;Le Croisic;11.47925751;44
44050;Crossac;9.79335782;44
44051;Derval;7.941621569;44
44052;Donges;8.921269627;44
44053;Drefféac;9.79335782;44
44054;Erbray;7.389438362;44
44055;La Baule-Escoublac;12.43688152;44
44056;Fay-de-Bretagne;9.462767802;44
44057;Fégréac;7.786893983;44
44058;Fercé;7.389438362;44
44061;Frossay;9.79335782;44
44062;Le Gâvre;7.941621569;44
44063;Gétigné;9.369326494;44
44064;Gorges;9.369326494;44
44065;Grand-Auverné;7.389438362;44
44066;Grandchamps-des-Fontaines;10.34993459;44
44067;Guémené-Penfao;7.731050378;44
44068;Guenrouet;7.786893983;44
44069;Guérande;11.13063033;44
44070;La Haie-Fouassière;11.65360056;44
44071;Haute-Goulaine;12.19598888;44
44072;Herbignac;9.842605415;44
44073;Héric;10.82213487;44
44074;Indre;11.3259373;44
44075;Issé;7.389438362;44
44076;Jans;7.941621569;44
44077;Joué-sur-Erdre;7.389438362;44
44078;Juigné-des-Moutiers;7.389438362;44
44079;Le Landreau;9.075919224;44
44080;Lavau-sur-Loire;10.41450632;44
44081;Legé;8.90228409;44
44082;Ligné;10.88968987;44
44083;La Limouzinière;9.027213957;44
44084;Le Loroux-Bottereau;10.96779695;44
44085;Louisfert;7.941621569;44
44086;Lusanger;7.389438362;44
44087;Machecoul-Saint-Même;9.680351297;44
44088;Maisdon-sur-Sèvre;10.02128293;44
44089;Malville;9.462767802;44
44090;La Marne;10.55272351;44
44091;Marsac-sur-Don;8.19270551;44
44092;Massérac;7.328328087;44
44093;Maumusson;7.784538913;44
44094;Mauves-sur-Loire;10.88968987;44
44095;La Meilleraye-de-Bretagne;7.389438362;44
44096;Mésanger;9.075919224;44
44097;Mesquer;9.489064893;44
44098;Missillac;7.997335184;44
44099;Moisdon-la-Rivière;7.389438362;44
44100;Monnières;10.02128293;44
44101;La Montagne;10.95673038;44
44102;Montbert;10.02128293;44
44103;Montoir-de-Bretagne;9.943325958;44
44104;Montrelais;8.184666483;44
44105;Mouais;7.941621569;44
44106;Les Moutiers-en-Retz;10.55272351;44
44107;Mouzeil;9.075919224;44
44108;Mouzillon;9.369326494;44
44109;Nantes;12.30194472;44
44110;Nort-sur-Erdre;9.740519532;44
44111;Notre-Dame-des-Landes;9.462767802;44
44112;Noyal-sur-Brutz;7.389438362;44
44113;Nozay;8.199728857;44
44114;Orvault;11.84206269;44
44115;Oudon;10.88968987;44
44116;Paimboeuf;8.452301543;44
44117;Le Pallet;10.02128293;44
44118;Pannecé;9.075919224;44
44119;Paulx;9.027213957;44
44120;Le Pellerin;10.66585928;44
44121;Petit-Auverné;7.389438362;44
44122;Petit-Mars;10.88968987;44
44123;Pierric;8.19270551;44
44124;Le Pin;7.389438362;44
44125;Piriac-sur-Mer;9.489064893;44
44126;La Plaine-sur-Mer;9.37964253;44
44127;La Planche;10.02128293;44
44128;Plessé;8.589976296;44
44129;Pontchâteau;9.603656046;44
44130;Pont-Saint-Martin;10.88192078;44
44131;Pornic;11.98439434;44
44132;Pornichet;12.34959956;44
44133;Port-Saint-Père;10.77808928;44
44134;Pouillé-les-Côteaux;9.075919224;44
44135;Le Pouliguen;12.49557618;44
44136;Préfailles;9.37964253;44
44137;Prinquiau;9.79335782;44
44138;Puceul;9.462767802;44
44139;Quilly;9.462767802;44
44140;La Regrippière;9.075919224;44
44141;La Remaudière;9.075919224;44
44142;Remouillé;10.02128293;44
44143;Rezé;11.78366359;44
44144;Riaillé;7.389438362;44
44145;Rouans;9.79335782;44
44146;Rougé;7.389438362;44
44148;Ruffigné;7.941621569;44
44149;Saffré;9.462767802;44
44150;Saint-Aignan-Grandlieu;10.88192078;44
44151;Saint-André-des-Eaux;11.1743611;44
44152;Sainte-Anne-sur-Brivet;9.79335782;44
44153;Saint-Aubin-des-Châteaux;7.389438362;44
44154;Saint-Brevin-les-Pins;11.0108042;44
44155;Saint-Colomban;9.027213957;44
44156;Corcoué-sur-Logne;9.027213957;44
44157;Saint-Étienne-de-Mer-Morte;9.027213957;44
44158;Saint-Étienne-de-Montluc;11.19894719;44
44159;Saint-Fiacre-sur-Maine;10.02128293;44
44160;Saint-Géréon;9.075919224;44
44161;Saint-Gildas-des-Bois;7.997335184;44
44162;Saint-Herblain;11.73441858;44
44163;Vair-sur-Loire;9.075919224;44
44164;Saint-Hilaire-de-Chaléons;9.79335782;44
44165;Saint-Hilaire-de-Clisson;9.369326494;44
44166;Saint-Jean-de-Boiseau;9.79335782;44
44168;Saint-Joachim;10.01911404;44
44169;Saint-Julien-de-Concelles;10.88968987;44
44170;Saint-Julien-de-Vouvantes;7.389438362;44
44171;Saint-Léger-les-Vignes;10.51475922;44
44172;Sainte-Luce-sur-Loire;11.54880892;44
44173;Saint-Lumine-de-Clisson;9.369326494;44
44174;Saint-Lumine-de-Coutais;10.51475922;44
44175;Saint-Lyphard;10.01911404;44
44176;Saint-Malo-de-Guersac;10.01911404;44
44178;Saint-Mars-de-Coutais;10.51475922;44
44179;Saint-Mars-du-Désert;10.88968987;44
44180;Saint-Mars-la-Jaille;7.826551263;44
44182;Saint-Michel-Chef-Chef;10.08859747;44
44183;Saint-Molf;10.01911404;44
44184;Saint-Nazaire;10.70230567;44
44185;Saint-Nicolas-de-Redon;8.237349941;44
44186;Sainte-Pazanne;10.31337314;44
44187;Saint-Père-en-Retz;9.421587291;44
44188;Saint-Philbert-de-Grand-Lieu;10.32604312;44
44189;Sainte-Reine-de-Bretagne;9.79335782;44
44190;Saint-Sébastien-sur-Loire;11.84497628;44
44191;Saint-Sulpice-des-Landes;7.389438362;44
44192;Saint-Viaud;9.37964253;44
44193;Saint-Vincent-des-Landes;7.941621569;44
44194;Sautron;11.58011536;44
44195;Savenay;9.847167977;44
44196;Sévérac;7.786893983;44
44197;Sion-les-Mines;7.389438362;44
44198;Les Sorinières;12.02781475;44
44199;Soudan;7.389438362;44
44200;Soulvache;7.389438362;44
44201;Sucé-sur-Erdre;11.15724839;44
44202;Teillé;9.075919224;44
44203;Le Temple-de-Bretagne;9.462767802;44
44204;Thouaré-sur-Loire;11.88270262;44
44205;Les Touches;9.075919224;44
44206;Touvois;8.90228409;44
44207;Trans-sur-Erdre;9.075919224;44
44208;Treffieux;7.389438362;44
44209;Treillières;10.71882586;44
44210;Trignac;10.08478675;44
44211;La Turballe;10.72736083;44
44212;Vallet;10.0493147;44
44213;Loireauxence;7.784538913;44
44214;Vay;7.941621569;44
44215;Vertou;12.03185385;44
44216;Vieillevigne;10.02128293;44
44217;Vigneux-de-Bretagne;10.34993459;44
44218;Villepot;7.389438362;44
44219;Vritz;7.389438362;44
44220;Vue;9.79335782;44
44221;La Chevallerais;9.462767802;44
44222;La Roche-Blanche;9.075919224;44
44223;Geneston;10.88192078;44
44224;La Grigonnais;9.462767802;44
56001;Allaire;7.873711098;56
56002;Ambon;9.165437594;56
56003;Arradon;10.14126024;56
56004;Arzal;9.489064893;56
56005;Arzon;10.70895923;56
56006;Augan;7.436149918;56
56007;Auray;9.873556018;56
56008;Baden;9.46926374;56
56009;Bangor;12.13072411;56
56010;Baud;7.975786744;56
56011;Béganne;7.786893983;56
56012;Beignon;7.255186612;56
56013;Belz;9.394879695;56
56014;Berné;7.059937795;56
56015;Berric;7.997335184;56
56016;Bieuzy;7.595736608;56
56017;Bignan;7.436149918;56
56018;Billiers;9.165437594;56
56019;Billio;8.219716785;56
56020;Bohal;8.219716785;56
56021;Brandérion;8.979277897;56
56022;Brandivy;7.436149918;56
56023;Brech;9.063346867;56
56024;Bréhan;7.16132059;56
56025;Brignac;7.16132059;56
56026;Bubry;7.595736608;56
56027;Buléon;7.436149918;56
56028;Caden;7.328328087;56
56029;Calan;9.27214757;56
56030;Camoël;9.489064893;56
56031;Camors;8.09478056;56
56032;Campénéac;7.436149918;56
56033;Carentoir;7.328328087;56
56034;Carnac;11.0042102;56
56035;Caro;7.436149918;56
56036;Caudan;9.606747722;56
56039;La Chapelle-Neuve;7.436149918;56
56040;Cléguer;9.27214757;56
56041;Cléguérec;7.595736608;56
56042;Colpo;7.436149918;56
56043;Concoret;7.16132059;56
56044;Cournon;7.328328087;56
56045;Le Cours;7.997335184;56
56046;Crach;8.979277897;56
56047;Crédin;7.16132059;56
56048;Le Croisty;7.595736608;56
56049;Croixanvec;6.787694606;56
56050;La Croix-Helléan;7.436149918;56
56051;Cruguel;8.219716785;56
56052;Damgan;9.165437594;56
56053;Elven;8.73967332;56
56054;Erdeven;9.509434231;56
56055;Étel;9.428999315;56
56056;Évriguet;7.16132059;56
56057;Le Faouët;7.059937795;56
56058;Férel;9.489064893;56
56059;Les Forges;7.436149918;56
56060;Les Fougerêts;7.997335184;56
56061;La Gacilly;7.729629986;56
56062;Gâvres;9.384631122;56
56063;Gestel;9.27214757;56
56065;Gourhel;7.436149918;56
56066;Gourin;7.29110015;56
56067;Grand-Champ;8.704522317;56
56068;La Grée-Saint-Laurent;7.436149918;56
56069;Groix;8.438746043;56
56070;Guégon;7.436149918;56
56071;Guéhenno;7.436149918;56
56072;Gueltas;6.787694606;56
56073;Guémené-sur-Scorff;7.595736608;56
56074;Guénin;7.436149918;56
56075;Guer;7.941313884;56
56076;Guern;7.595736608;56
56077;Le Guerno;7.786893983;56
56078;Guidel;10.29410264;56
56079;Guillac;7.436149918;56
56080;Guilliers;7.16132059;56
56081;Guiscriff;7.059937795;56
56082;Helléan;7.436149918;56
56083;Hennebont;9.537121239;56
56084;Le Hézo;9.165437594;56
56085;Hoedic;9.40086036;56
56086;Île-d'Houat;12.13072411;56
56087;Île-aux-Moines;5.707141317;56
56088;Île-d'Arz;5.707141317;56
56089;Inguiniel;7.595736608;56
56090;Inzinzac-Lochrist;9.393306961;56
56091;Josselin;7.708379072;56
56092;Kerfourn;6.787694606;56
56093;Kergrist;6.787694606;56
56094;Kervignac;9.441541682;56
56096;Landaul;8.979277897;56
56097;Landévant;8.784032311;56
56098;Lanester;10.05280359;56
56099;Langoëlan;7.595736608;56
56100;Langonnet;7.059937795;56
56101;Languidic;8.154561974;56
56102;Lanouée;7.436149918;56
56103;Lantillac;7.436149918;56
56104;Lanvaudan;7.595736608;56
56105;Lanvénégen;7.059937795;56
56106;Larmor-Baden;9.279568026;56
56107;Larmor-Plage;11.04869256;56
56108;Larré;7.997335184;56
56109;Lauzach;9.165437594;56
56110;Lignol;7.595736608;56
56111;Limerzel;7.328328087;56
56112;Lizio;8.219716785;56
56113;Locmalo;7.595736608;56
56114;Locmaria;12.13072411;56
56115;Locmaria-Grand-Champ;8.219716785;56
56116;Locmariaquer;8.979277897;56
56117;Locminé;7.69686387;56
56118;Locmiquélic;9.732069857;56
56119;Locoal-Mendon;8.979277897;56
56120;Locqueltas;8.219716785;56
56121;Lorient;9.923050015;56
56122;Loyat;7.436149918;56
56123;Malansac;7.328328087;56
56124;Malestroit;8.2789522;56
56125;Malguénac;7.595736608;56
56126;Marzan;7.997335184;56
56127;Mauron;7.873883108;56
56128;Melrand;7.595736608;56
56129;Ménéac;7.16132059;56
56130;Merlevenez;9.384631122;56
56131;Meslan;7.059937795;56
56132;Meucon;8.219716785;56
56133;Missiriac;7.436149918;56
56134;Mohon;7.16132059;56
56135;Molac;7.997335184;56
56136;Monteneuf;7.436149918;56
56137;Monterblanc;8.219716785;56
56138;Monterrein;7.436149918;56
56139;Montertelot;7.436149918;56
56140;Moréac;7.436149918;56
56141;Moustoir-Ac;7.436149918;56
56143;Muzillac;8.992887581;56
56144;Évellys;7.16132059;56
56145;Néant-sur-Yvel;7.16132059;56
56146;Neulliac;7.595736608;56
56147;Nivillac;7.997335184;56
56148;Nostang;8.979277897;56
56149;Noyal-Muzillac;7.997335184;56
56151;Noyal-Pontivy;7.595736608;56
56152;Le Palais;11.51317697;56
56153;Péaule;7.786893983;56
56154;Peillac;7.328328087;56
56155;Pénestin;9.489064893;56
56156;Persquen;7.595736608;56
56157;Plaudren;8.219716785;56
56158;Plescop;9.638981284;56
56159;Pleucadeuc;7.997335184;56
56160;Pleugriffet;7.16132059;56
56161;Ploemel;8.979277897;56
56162;Ploemeur;11.09942105;56
56163;Ploërdut;7.595736608;56
56164;Ploeren;9.451070106;56
56165;Ploërmel;8.847731734;56
56166;Plouay;9.013691253;56
56167;Plougoumelen;9.279568026;56
56168;Plouharnel;9.576963386;56
56169;Plouhinec;9.521347137;56
56170;Plouray;7.059937795;56
56171;Pluherlin;7.997335184;56
56172;Plumelec;8.219716785;56
56173;Pluméliau;7.16132059;56
56174;Plumelin;7.436149918;56
56175;Plumergat;8.979277897;56
56176;Pluneret;8.829666505;56
56177;Pluvigner;8.252527613;56
56178;Pontivy;8.162678732;56
56179;Pont-Scorff;9.27214757;56
56180;Porcaro;7.436149918;56
56181;Port-Louis;9.848202975;56
56182;Priziac;7.059937795;56
56184;Questembert;8.336596867;56
56185;Quéven;10.19832228;56
56186;Quiberon;11.51991526;56
56188;Quistinic;7.595736608;56
56189;Radenac;7.436149918;56
56190;Réguiny;7.436149918;56
56191;Réminiac;7.997335184;56
56193;Riantec;9.724335178;56
56194;Rieux;7.786893983;56
56195;La Roche-Bernard;9.540353836;56
56196;Rochefort-en-Terre;7.328328087;56
56197;Val d'Oust;7.436149918;56
56198;Rohan;7.16132059;56
56199;Roudouallec;7.044022226;56
56200;Ruffiac;7.436149918;56
56201;Le Saint;7.059937795;56
56202;Saint-Abraham;8.219716785;56
56203;Saint-Aignan;7.595736608;56
56204;Saint-Allouestre;7.436149918;56
56205;Saint-Armel;9.165437594;56
56206;Saint-Avé;9.78798383;56
56207;Saint-Barthélemy;7.595736608;56
56208;Saint-Brieuc-de-Mauron;7.16132059;56
56209;Sainte-Brigitte;7.595736608;56
56210;Saint-Caradec-Trégomel;7.595736608;56
56211;Saint-Congard;7.997335184;56
56212;Saint-Dolay;7.786893983;56
56213;Saint-Gérand;6.787694606;56
56214;Saint-Gildas-de-Rhuys;9.40086036;56
56215;Saint-Gonnery;7.719318416;56
56216;Saint-Gorgon;7.328328087;56
56218;Saint-Gravé;7.997335184;56
56219;Saint-Guyomard;8.219716785;56
56220;Sainte-Hélène;9.384631122;56
56221;Saint-Jacut-les-Pins;7.786893983;56
56222;Saint-Jean-Brévelay;7.436149918;56
56223;Saint-Jean-la-Poterie;7.786893983;56
56224;Saint-Laurent-sur-Oust;7.997335184;56
56225;Saint-Léry;7.16132059;56
56226;Saint-Malo-de-Beignon;7.255186612;56
56227;Saint-Malo-des-Trois-Fontaines;7.16132059;56
56228;Saint-Marcel;8.219716785;56
56229;Saint-Martin-sur-Oust;7.997335184;56
56230;Saint-Nicolas-du-Tertre;7.997335184;56
56231;Saint-Nolff;9.165437594;56
56232;Saint-Perreux;7.786893983;56
56233;Saint-Philibert;8.979277897;56
56234;Saint-Pierre-Quiberon;12.13072411;56
56236;Saint-Servant;8.219716785;56
56237;Saint-Thuriau;7.16132059;56
56238;Saint-Tugdual;7.595736608;56
56239;Saint-Vincent-sur-Oust;7.328328087;56
56240;Sarzeau;10.57549681;56
56241;Sauzon;12.13072411;56
56242;Séglien;7.595736608;56
56243;Séné;10.0665473;56
56244;Sérent;7.436149918;56
56245;Silfiac;7.595736608;56
56246;Le Sourn;7.16132059;56
56247;Sulniac;7.997335184;56
56248;Surzur;9.165437594;56
56249;Taupont;7.436149918;56
56250;Théhillac;7.997335184;56
56251;Theix-Noyalo;9.55279553;56
56252;Le Tour-du-Parc;9.165437594;56
56253;Tréal;7.997335184;56
56254;Trédion;8.219716785;56
56255;Treffléan;8.219716785;56
56256;Tréhorenteuc;7.16132059;56
56257;La Trinité-Porhoët;7.16132059;56
56258;La Trinité-sur-Mer;11.5319646;56
56259;La Trinité-Surzur;9.165437594;56
56260;Vannes;10.21532899;56
56261;La Vraie-Croix;7.997335184;56
56262;Bono;9.279568026;56
56263;Sainte-Anne-d'Auray;8.663035165;56
56264;Kernascléden;7.059937795;56
22001;Allineuc;5.494593044;22
22002;Andel;6.913448743;22
22003;Aucaleuc;6.53106859;22
22004;Bégard;6.119990684;22
22005;Belle-Isle-en-Terre;5.430648822;22
22006;Berhet;6.190358488;22
22008;Bobital;6.53106859;22
22009;Le Bodéo;5.494593044;22
22011;Boqueho;6.37871584;22
22012;La Bouillie;6.969784601;22
22013;Bourbriac;5.49899095;22
22014;Bourseul;6.687095411;22
22015;Bréhand;6.390678701;22
22016;Île-de-Bréhat;7.570352542;22
22018;Brélidy;6.190358488;22
22019;Bringolo;6.37871584;22
22020;Broons;5.868402192;22
22021;Brusvily;5.587855667;22
22023;Bulat-Pestivien;5.103315445;22
22024;Calanhel;5.430648822;22
22025;Callac;5.430648822;22
22026;Calorguen;6.53106859;22
22027;Le Cambout;5.520112257;22
22028;Camlez;6.189313301;22
22029;Canihuel;5.103315445;22
22030;Caouënnec-Lanvézéac;6.189313301;22
22031;Carnoët;5.430648822;22
22032;Caulnes;6.138324287;22
22033;Caurel;5.494593044;22
22034;Cavan;6.189313301;22
22035;Les Champs-Géraux;7.024231005;22
22036;La Chapelle-Blanche;5.587855667;22
22037;La Chapelle-Neuve;5.430648822;22
22038;Châtelaudren;6.37871584;22
22039;La Chèze;5.354931921;22
22040;Coadout;5.990445357;22
22041;Coatascorn;6.190358488;22
22042;Coatréven;6.189313301;22
22043;Coëtlogon;5.520112257;22
22044;Coëtmieux;6.913448743;22
22045;Cohiniac;6.37871584;22
22046;Le Mené;5.354931921;22
22047;Corlay;5.103315445;22
22048;Corseul;6.676882396;22
22049;Créhen;6.969784601;22
22050;Dinan;7.084975658;22
22052;Duault;5.430648822;22
22053;Éréac;5.354931921;22
22054;Erquy;6.969784601;22
22055;Binic-Étables-sur-Mer;7.397627975;22
22056;Évran;7.024231005;22
22057;Le Faouët;6.055196611;22
22059;Le Foeil;6.37871584;22
22060;Gausson;6.16138334;22
22061;Glomel;5.800613759;22
22062;Gomené;5.520112257;22
22063;Gommenec'h;6.055196611;22
22064;Gouarec;5.103315445;22
22065;Goudelin;6.405865689;22
22067;Grâces;5.853802853;22
22068;Grâce-Uzel;6.16138334;22
22069;Guenroc;5.587855667;22
22070;Guingamp;6.511011548;22
22071;Guitté;5.587855667;22
22072;Gurunhuel;5.103315445;22
22073;La Harmoye;5.494593044;22
22074;Le Haut-Corlay;5.494593044;22
22075;Hémonstoir;6.16138334;22
22076;Hénanbihen;6.120010919;22
22077;Hénansal;6.120010919;22
22078;Hengoat;6.190358488;22
22079;Hénon;5.852636752;22
22081;Hillion;7.097954318;22
22082;Le Hinglé;6.53106859;22
22083;Illifaut;5.520112257;22
22084;Jugon-les-Lacs - Commune nouvelle;6.120010919;22
22085;Kerbors;6.190358488;22
22086;Kerfot;5.990445357;22
22087;Kergrist-Moëlou;5.800613759;22
22088;Kerien;5.103315445;22
22090;Kermaria-Sulard;6.189313301;22
22091;Kermoroc'h;6.190358488;22
22092;Kerpert;5.853802853;22
22093;Lamballe;7.107091025;22
22094;Lancieux;9.027594724;22
22095;Landebaëron;6.190358488;22
22096;Landébia;6.120010919;22
22097;La Landec;6.53106859;22
22098;Landéhen;6.390678701;22
22099;Lanfains;5.494593044;22
22100;Langast;5.354931921;22
22101;Langoat;6.189313301;22
22103;Langrolay-sur-Rance;8.238813244;22
22104;Languédias;6.53106859;22
22105;Languenan;6.687095411;22
22106;Langueux;7.726091862;22
22107;Bon Repos sur Blavet;5.494593044;22
22108;Lanleff;6.055196611;22
22109;Lanloup;7.570352542;22
22110;Lanmérin;6.189313301;22
22111;Lanmodez;6.190358488;22
22112;Lannebert;6.405865689;22
22113;Lannion;7.161259654;22
22114;Lanrelas;5.587855667;22
22115;Lanrivain;5.103315445;22
22116;Lanrodec;6.37871584;22
22117;Lantic;7.174091076;22
22118;Lanvallay;7.239032797;22
22119;Lanvellec;6.238420359;22
22121;Lanvollon;6.353367662;22
22122;Laurenan;5.520112257;22
22123;Léhon;6.53106859;22
22124;Lescouët-Gouarec;5.800613759;22
22126;Le Leslay;6.37871584;22
22127;Lézardrieux;6.190358488;22
22128;Locarn;5.430648822;22
22129;Loc-Envel;5.430648822;22
22131;Loguivy-Plougras;5.430648822;22
22132;Lohuec;5.430648822;22
22133;Loscouët-sur-Meu;5.587855667;22
22134;Louannec;7.328656312;22
22135;Louargat;5.604223569;22
22136;Loudéac;6.767486388;22
22137;Maël-Carhaix;5.800613759;22
22138;Maël-Pestivien;5.430648822;22
22139;Magoar;5.853802853;22
22140;La Malhoure;6.120010919;22
22141;Mantallot;6.189313301;22
22143;Matignon;6.969784601;22
22144;La Méaugon;6.914959383;22
22145;Mégrit;5.587855667;22
22146;Mellionnec;5.800613759;22
22147;Merdrignac;5.314075966;22
22148;Mérillac;5.354931921;22
22149;Merléac;5.494593044;22
22150;Le Merzer;6.405865689;22
22152;Minihy-Tréguier;6.190358488;22
22153;Moncontour;5.91736712;22
22154;Morieux;6.913448743;22
22155;La Motte;6.16138334;22
22156;Moustéru;5.990445357;22
22157;Le Moustoir;6.090214705;22
22158;Guerlédan;5.631551681;22
22160;Noyal;6.120010919;22
22161;Pabu;6.055196611;22
22162;Paimpol;7.024444919;22
22163;Paule;5.800613759;22
22164;Pédernec;5.691280985;22
22165;Penguily;6.120010919;22
22166;Penvénan;6.190358488;22
22168;Perros-Guirec;7.74289782;22
22169;Peumerit-Quintin;5.430648822;22
22170;Plaine-Haute;6.37871584;22
22171;Plaintel;6.606539218;22
22172;Plancoët;6.545065547;22
22173;Planguenoual;6.969784601;22
22174;Pléboulle;6.969784601;22
22175;Plédéliac;6.120010919;22
22176;Plédran;7.008922604;22
22177;Pléguien;5.990445357;22
22178;Pléhédel;5.990445357;22
22179;Fréhel;6.969784601;22
22180;Plélan-le-Petit;6.687095411;22
22181;Plélauff;5.494593044;22
22182;Plélo;6.445639699;22
22183;Les Moulins;5.497328199;22
22184;Plémy;5.644277279;22
22185;Plénée-Jugon;5.804570002;22
22186;Pléneuf-Val-André;6.969784601;22
22187;Plérin;7.775403409;22
22188;Plerneuf;6.405865689;22
22189;Plésidy;5.853802853;22
22190;Pleslin-Trigavou;6.687095411;22
22193;Plestan;6.213869771;22
22194;Plestin-les-Grèves;6.310412402;22
22195;Pleubian;6.190358488;22
22196;Pleudaniel;6.190358488;22
22197;Pleudihen-sur-Rance;7.304364461;22
22198;Pleumeur-Bodou;7.470816222;22
22199;Pleumeur-Gautier;6.190358488;22
22200;Pléven;6.120010919;22
22201;Plévenon;6.969784601;22
22202;Plévin;5.800613759;22
22203;Ploeuc-L'Hermitage;5.354931921;22
22204;Ploëzal;6.190358488;22
22205;Plorec-sur-Arguenon;6.969784601;22
22206;Plouagat;6.83583267;22
22207;Plouaret;5.794065529;22
22208;Plouasne;7.024231005;22
22209;Beaussais-sur-Mer;7.670217786;22
22210;Ploubazlanec;7.570352542;22
22211;Ploubezre;6.595222282;22
22212;Plouëc-du-Trieux;6.190358488;22
22213;Plouër-sur-Rance;8.204075359;22
22214;Plouézec;7.570352542;22
22215;Ploufragan;7.08256286;22
22216;Plougonver;5.103315445;22
22217;Plougras;5.430648822;22
22218;Plougrescant;6.190358488;22
22219;Plouguenast;5.354931921;22
22220;Plouguernével;5.103315445;22
22221;Plouguiel;6.190358488;22
22222;Plouha;7.570352542;22
22223;Plouisy;6.438472232;22
22224;Ploulec'h;6.238420359;22
22225;Ploumagoar;6.568988836;22
22226;Ploumilliau;6.623121321;22
22227;Plounérin;5.430648822;22
22228;Plounévez-Moëdec;5.691280985;22
22229;Plounévez-Quintin;5.103315445;22
22231;Plourac'h;5.430648822;22
22232;Plourhan;7.570352542;22
22233;Plourivo;5.990445357;22
22234;Plouvara;6.233269954;22
22235;Plouzélambre;6.238420359;22
22236;Pludual;5.990445357;22
22237;Pluduno;6.969784601;22
22238;Plufur;6.238420359;22
22239;Plumaudan;7.024231005;22
22240;Plumaugat;5.587855667;22
22241;Plumieux;5.520112257;22
22242;Plurien;6.969784601;22
22243;Plusquellec;5.430648822;22
22244;Plussulien;5.494593044;22
22245;Pluzunet;5.691280985;22
22246;Pommeret;6.913448743;22
22247;Pommerit-Jaudy;6.189313301;22
22248;Pommerit-le-Vicomte;6.055196611;22
22249;Pont-Melvez;5.103315445;22
22250;Pontrieux;6.190358488;22
22251;Pordic;7.780532917;22
22253;Pouldouran;6.190358488;22
22254;Prat;6.190358488;22
22255;La Prénessaye;6.16138334;22
22256;Quemper-Guézennec;5.990445357;22
22257;Quemperven;6.189313301;22
22258;Quessoy;6.485247319;22
22259;Quévert;7.293865101;22
22260;Le Quillio;5.494593044;22
22261;Quintenic;6.390678701;22
22262;Quintin;6.65270574;22
22263;Le Quiou;7.024231005;22
22264;La Roche-Derrien;6.190358488;22
22265;Rospez;6.189313301;22
22266;Rostrenen;5.5165925;22
22267;Rouillac;5.587855667;22
22268;Ruca;6.969784601;22
22269;Runan;6.190358488;22
22271;Saint-Adrien;5.853802853;22
22272;Saint-Agathon;5.853802853;22
22273;Saint-Alban;6.969784601;22
22274;Saint-André-des-Eaux;6.53106859;22
22275;Saint-Barnabé;6.16138334;22
22276;Saint-Bihy;6.37871584;22
22277;Saint-Brandan;6.37871584;22
22278;Saint-Brieuc;7.331210472;22
22279;Saint-Caradec;5.354931921;22
22280;Saint-Carné;6.53106859;22
22281;Saint-Carreuc;6.348696359;22
22282;Saint-Cast-le-Guildo;6.969784601;22
22283;Saint-Clet;5.990445357;22
22284;Saint-Connan;5.853802853;22
22285;Saint-Connec;5.494593044;22
22286;Saint-Denoual;6.120010919;22
22287;Saint-Donan;6.405865689;22
22288;Saint-Étienne-du-Gué-de-l'Isle;5.520112257;22
22289;Saint-Fiacre;5.103315445;22
22291;Saint-Gildas;5.103315445;22
22293;Saint-Gilles-les-Bois;6.055196611;22
22294;Saint-Gilles-Pligeaux;5.853802853;22
22295;Saint-Gilles-Vieux-Marché;5.494593044;22
22296;Saint-Glen;6.120010919;22
22299;Saint-Hélen;7.024231005;22
22300;Saint-Hervé;6.16138334;22
22302;Saint-Jacut-de-la-Mer;8.238813244;22
22304;Saint-Jean-Kerdaniel;6.405865689;22
22305;Saint-Jouan-de-l'Isle;5.587855667;22
22306;Saint-Judoce;7.024231005;22
22307;Saint-Julien;6.819558972;22
22308;Saint-Juvat;7.024231005;22
22309;Saint-Launeuc;5.587855667;22
22310;Saint-Laurent;6.190358488;22
22311;Saint-Lormel;6.969784601;22
22312;Saint-Maden;7.024231005;22
22313;Saint-Martin-des-Prés;5.494593044;22
22314;Saint-Maudan;6.16138334;22
22315;Saint-Maudez;6.53106859;22
22316;Saint-Mayeux;5.494593044;22
22317;Saint-Méloir-des-Bois;6.687095411;22
22318;Saint-Michel-de-Plélan;6.53106859;22
22319;Saint-Michel-en-Grève;6.238420359;22
22320;Saint-Nicodème;5.430648822;22
22321;Saint-Nicolas-du-Pélem;5.103315445;22
22322;Saint-Péver;5.853802853;22
22323;Saint-Pôtan;6.969784601;22
22324;Saint-Quay-Perros;7.620062526;22
22325;Saint-Quay-Portrieux;7.570352542;22
22326;Saint-Rieul;6.390678701;22
22327;Saint-Samson-sur-Rance;7.024231005;22
22328;Saint-Servais;5.430648822;22
22330;Saint-Thélo;5.354931921;22
22331;Sainte-Tréphine;5.494593044;22
22332;Saint-Trimoël;6.390678701;22
22333;Saint-Vran;5.354931921;22
22334;Saint-Igeaux;5.494593044;22
22335;Senven-Léhart;5.103315445;22
22337;Sévignac;5.587855667;22
22338;Squiffiec;5.990445357;22
22339;Taden;7.306656304;22
22340;Tonquédec;6.189313301;22
22341;Tramain;6.120010919;22
22342;Trébédan;6.53106859;22
22343;Trébeurden;7.342635767;22
22344;Trébrivan;5.430648822;22
22345;Trébry;6.390678701;22
22346;Trédaniel;5.91736712;22
22347;Trédarzec;6.190358488;22
22348;Trédias;6.53106859;22
22349;Trédrez-Locquémeau;6.238420359;22
22350;Tréduder;6.238420359;22
22351;Treffrin;6.090214705;22
22352;Tréfumel;7.024231005;22
22353;Trégastel;7.620062526;22
22354;Tréglamus;5.691280985;22
22356;Trégomeur;7.174091076;22
22358;Trégonneau;5.990445357;22
22359;Trégrom;5.691280985;22
22360;Trégueux;7.596334759;22
22361;Tréguidel;5.990445357;22
22362;Tréguier;6.190358488;22
22363;Trélévern;6.190358488;22
22364;Trélivan;6.53106859;22
22365;Trémargat;5.800613759;22
22366;Trémel;6.238420359;22
22368;Tréméreuc;6.687095411;22
22369;Trémeur;5.587855667;22
22370;Tréméven;6.405865689;22
22371;Trémorel;5.587855667;22
22372;Trémuson;6.947056776;22
22373;Tréogan;6.05578471;22
22375;Tressignaux;6.405865689;22
22376;Trévé;6.16138334;22
22377;Tréveneuc;7.570352542;22
22378;Trévérec;6.055196611;22
22379;Trévou-Tréguignec;6.190358488;22
22380;Trévron;7.024231005;22
22381;Trézény;6.189313301;22
22383;Troguéry;6.190358488;22
22384;Uzel;5.354931921;22
22385;La Vicomté-sur-Rance;7.024231005;22
22386;Le Vieux-Bourg;5.103315445;22
22387;Le Vieux-Marché;6.189313301;22
22388;Vildé-Guingalan;6.687095411;22
22389;Yffiniac;7.206298978;22
22390;Yvias;5.990445357;22
22391;Yvignac-la-Tour;5.587855667;22
29001;Argol;7.376177067;29
29002;Arzano;7.491425546;29
29003;Audierne;6.875766283;29
29004;Bannalec;6.787977855;29
29005;Baye;7.136559458;29
29006;Bénodet;8.312677933;29
29007;Berrien;5.430648822;29
29008;Beuzec-Cap-Sizun;6.875766283;29
29010;Bodilis;6.269479867;29
29011;Bohars;8.854937881;29
29012;Bolazec;5.430648822;29
29013;Botmeur;5.430648822;29
29014;Botsorhel;5.430648822;29
29015;Bourg-Blanc;7.146315662;29
29016;Brasparts;6.249957582;29
29017;Brélès;7.146315662;29
29018;Brennilis;5.430648822;29
29019;Brest;7.982189526;29
29020;Briec;7.167854618;29
29021;Plounéour-Brignogan-plages;6.861967059;29
29022;Camaret-sur-Mer;7.376177067;29
29023;Carantec;6.83611925;29
29024;Carhaix-Plouguer;6.363419069;29
29025;Cast;6.875766283;29
29026;Châteaulin;6.842998716;29
29027;Châteauneuf-du-Faou;6.487826203;29
29028;Cléden-Cap-Sizun;6.875766283;29
29029;Cléden-Poher;6.05578471;29
29030;Cléder;6.369233212;29
29031;Clohars-Carnoët;7.661600958;29
29032;Clohars-Fouesnant;8.127917311;29
29033;Le Cloître-Pleyben;6.534606107;29
29034;Le Cloître-Saint-Thégonnec;6.431681764;29
29035;Coat-Méal;7.146315662;29
29036;Collorec;5.430648822;29
29037;Combrit;8.078680498;29
29038;Commana;5.430648822;29
29039;Concarneau;8.149331618;29
29040;Le Conquet;7.40399395;29
29041;Coray;6.55827667;29
29042;Crozon;7.989172202;29
29043;Daoulas;7.234817915;29
29044;Dinéault;6.253959452;29
29045;Dirinon;7.234817915;29
29046;Douarnenez;7.65259245;29
29047;Le Drennec;7.242888841;29
29048;Edern;6.534606107;29
29049;Elliant;7.136756202;29
29051;Ergué-Gabéric;8.042845963;29
29053;Le Faou;6.674665938;29
29054;La Feuillée;5.430648822;29
29055;Le Folgoët;7.361507905;29
29056;La Forest-Landerneau;7.242888841;29
29057;La Forêt-Fouesnant;7.938374408;29
29058;Fouesnant;8.339850437;29
29059;Garlan;6.334196897;29
29060;Gouesnach;8.407723887;29
29061;Gouesnou;8.506633527;29
29062;Gouézec;6.534606107;29
29063;Goulien;6.875766283;29
29064;Goulven;6.541163546;29
29065;Gourlizon;6.988128055;29
29066;Guengat;6.875766283;29
29067;Guerlesquin;6.334196897;29
29068;Guiclan;6.271450749;29
29069;Guilers;8.800045635;29
29070;Guiler-sur-Goyen;6.988128055;29
29071;Guilligomarc'h;5.800613759;29
29072;Guilvinec;7.453020467;29
29073;Guimaëc;6.334196897;29
29074;Guimiliau;6.216983372;29
29075;Guipavas;8.547739399;29
29076;Milizac-Guipronvel;7.648394693;29
29077;Guissény;6.861967059;29
29078;Hanvec;7.234817915;29
29079;Henvic;6.504879319;29
29080;Hôpital-Camfrout;7.234817915;29
29081;Huelgoat;5.430648822;29
29082;Île-de-Batz;6.504879319;29
29083;Île-de-Sein;6.875766283;29
29084;Île-Molène;7.40399395;29
29085;Île-Tudy;7.833234017;29
29086;Irvillac;7.234817915;29
29087;Le Juch;6.875766283;29
29089;Kergloff;6.090214705;29
29090;Kerlaz;6.875766283;29
29091;Kerlouan;6.861967059;29
29093;Kernilis;7.146315662;29
29094;Kernouës;7.242888841;29
29095;Kersaint-Plabennec;7.242888841;29
29097;Lampaul-Guimiliau;6.216983372;29
29098;Lampaul-Plouarzel;7.40399395;29
29099;Lampaul-Ploudalmézeau;7.146315662;29
29100;Lanarvily;7.242888841;29
29101;Landéda;7.176713377;29
29102;Landeleau;6.05578471;29
29103;Landerneau;7.426025615;29
29104;Landévennec;7.376177067;29
29105;Landivisiau;6.535722192;29
29106;Landrévarzec;6.534606107;29
29107;Landudal;6.534606107;29
29108;Landudec;6.988128055;29
29109;Landunvez;7.146315662;29
29110;Langolen;6.534606107;29
29111;Lanhouarneau;6.269479867;29
29112;Lanildut;7.146315662;29
29113;Lanmeur;6.334196897;29
29114;Lannéanou;6.334196897;29
29115;Lannédern;6.05578471;29
29116;Lanneuffret;6.269479867;29
29117;Lannilis;7.031513594;29
29119;Lanrivoaré;7.146315662;29
29120;Lanvéoc;7.376177067;29
29122;Laz;6.05578471;29
29123;Lennon;6.534606107;29
29124;Lesneven;7.23426318;29
29125;Leuhan;6.05578471;29
29126;Loc-Brévalaire;7.242888841;29
29128;Loc-Eguiner;6.269479867;29
29129;Locmaria-Berrien;5.430648822;29
29130;Locmaria-Plouzané;8.309058399;29
29131;Locmélar;6.269479867;29
29132;Locquénolé;6.504879319;29
29133;Locquirec;6.334196897;29
29134;Locronan;6.875766283;29
29135;Loctudy;7.609285007;29
29136;Locunolé;7.136559458;29
29137;Logonna-Daoulas;7.234817915;29
29139;Lopérec;6.253959452;29
29140;Loperhet;7.72704748;29
29141;Loqueffret;5.430648822;29
29142;Lothey;6.534606107;29
29143;Mahalon;6.988128055;29
29144;La Martyre;6.253959452;29
29145;Confort-Meilars;6.875766283;29
29146;Melgven;7.090687151;29
29147;Mellac;7.136559458;29
29148;Mespaul;6.269479867;29
29150;Moëlan-sur-Mer;7.594666185;29
29151;Morlaix;7.02064509;29
29152;Motreff;6.05578471;29
29153;Névez;7.613809709;29
29155;Ouessant;7.40399395;29
29156;Pencran;7.234817915;29
29158;Penmarch;7.521361302;29
29159;Peumerit;6.988128055;29
29160;Plabennec;7.59058351;29
29161;Pleuven;8.190915099;29
29162;Pleyben;6.27582373;29
29163;Pleyber-Christ;6.135234372;29
29165;Plobannalec-Lesconil;7.453020467;29
29166;Ploéven;6.875766283;29
29167;Plogastel-Saint-Germain;6.988128055;29
29168;Plogoff;6.875766283;29
29169;Plogonnec;7.741997053;29
29170;Plomelin;7.890415517;29
29171;Plomeur;7.66343966;29
29172;Plomodiern;6.875766283;29
29173;Plonéis;6.988128055;29
29174;Plonéour-Lanvern;7.202982012;29
29175;Plonévez-du-Faou;6.05578471;29
29176;Plonévez-Porzay;6.875766283;29
29177;Plouarzel;7.249585722;29
29178;Ploudalmézeau;7.211567609;29
29179;Ploudaniel;6.764680119;29
29180;Ploudiry;6.253959452;29
29181;Plouédern;6.857745462;29
29182;Plouégat-Guérand;6.334196897;29
29183;Plouégat-Moysan;6.334196897;29
29184;Plouénan;6.504879319;29
29185;Plouescat;6.41048487;29
29186;Plouezoc'h;6.334196897;29
29187;Plougar;6.269479867;29
29188;Plougasnou;6.334196897;29
29189;Plougastel-Daoulas;8.053018256;29
29190;Plougonvelin;8.10938751;29
29191;Plougonven;6.237561859;29
29192;Plougoulm;6.541163546;29
29193;Plougourvest;6.269479867;29
29195;Plouguerneau;6.993494749;29
29196;Plouguin;7.146315662;29
29197;Plouhinec;6.988128055;29
29198;Plouider;6.541163546;29
29199;Plouigneau;6.812341014;29
29201;Ploumoguer;7.40399395;29
29202;Plounéour-Ménez;5.430648822;29
29204;Plounéventer;6.269479867;29
29205;Plounévézel;6.090214705;29
29206;Plounévez-Lochrist;6.541163546;29
29207;Plourin-lès-Morlaix;6.582647276;29
29208;Plourin;7.146315662;29
29209;Plouvien;7.252359631;29
29210;Plouvorn;6.308124131;29
29211;Plouyé;5.430648822;29
29212;Plouzané;8.886410424;29
29213;Plouzévédé;6.269479867;29
29214;Plovan;6.988128055;29
29215;Plozévet;6.988128055;29
29216;Pluguffan;7.705458999;29
29217;Pont-Aven;7.613809709;29
29218;Pont-Croix;6.875766283;29
29219;Le Ponthou;5.430648822;29
29220;Pont-l'Abbé;7.456504;29
29221;Porspoder;7.146315662;29
29222;Port-Launay;6.249957582;29
29224;Pouldergat;6.875766283;29
29225;Pouldreuzic;6.988128055;29
29226;Poullan-sur-Mer;6.875766283;29
29227;Poullaouen;5.430648822;29
29228;Primelin;6.875766283;29
29229;Quéménéven;6.875766283;29
29230;Querrien;5.800613759;29
29232;Quimper;8.172428458;29
29233;Quimperlé;7.492551499;29
29234;Rédené;6.9884076;29
29235;Le Relecq-Kerhuon;9.090934428;29
29236;Riec-sur-Bélon;7.303869256;29
29237;La Roche-Maurice;6.253959452;29
29238;Roscanvel;7.376177067;29
29239;Roscoff;6.504879319;29
29240;Rosnoën;6.253959452;29
29241;Rosporden;7.104506363;29
29243;Saint-Coulitz;6.534606107;29
29244;Saint-Derrien;6.269479867;29
29245;Saint-Divy;7.242888841;29
29246;Saint-Eloy;6.253959452;29
29247;Saint-Évarzec;7.891927603;29
29248;Saint-Frégant;7.146315662;29
29249;Saint-Goazec;6.05578471;29
29250;Saint-Hernin;6.05578471;29
29251;Saint-Jean-du-Doigt;6.334196897;29
29252;Saint-Jean-Trolimon;6.988128055;29
29254;Saint-Martin-des-Champs;6.584056789;29
29255;Saint-Méen;6.269479867;29
29256;Saint-Nic;7.376177067;29
29257;Saint-Pabu;7.146315662;29
29259;Saint-Pol-de-Léon;6.362392464;29
29260;Saint-Renan;8.276164543;29
29261;Saint-Rivoal;5.430648822;29
29262;Saint-Sauveur;6.216983372;29
29263;Saint-Ségal;6.253959452;29
29264;Saint-Servais;6.269479867;29
29265;Sainte-Sève;6.216983372;29
29266;Saint-Thégonnec Loc-Eguiner;6.216983372;29
29267;Saint-Thois;6.534606107;29
29268;Saint-Thonan;7.242888841;29
29269;Saint-Thurien;7.090687151;29
29270;Saint-Urbain;7.234817915;29
29271;Saint-Vougay;6.541163546;29
29272;Saint-Yvi;7.090687151;29
29273;Santec;6.504879319;29
29274;Scaër;6.05578471;29
29275;Scrignac;5.430648822;29
29276;Sibiril;6.541163546;29
29277;Sizun;6.253959452;29
29278;Spézet;6.05578471;29
29279;Taulé;6.504879319;29
29280;Telgruc-sur-Mer;7.376177067;29
29281;Tourch;6.534606107;29
29282;Trébabu;7.40399395;29
29284;Treffiagat;7.41948721;29
29285;Tréflaouénan;6.269479867;29
29286;Tréflévénez;6.253959452;29
29287;Tréflez;6.541163546;29
29288;Trégarantec;6.269479867;29
29289;Trégarvan;7.376177067;29
29290;Tréglonou;7.146315662;29
29291;Trégourez;6.534606107;29
29292;Tréguennec;6.988128055;29
29293;Trégunc;7.784016716;29
29294;Le Tréhou;6.253959452;29
29295;Trémaouézan;6.269479867;29
29296;Tréméoc;7.833234017;29
29297;Tréméven;7.136559458;29
29298;Tréogat;6.988128055;29
29299;Tréouergat;7.146315662;29
29300;Le Trévoux;7.136559458;29
29301;Trézilidé;6.269479867;29
29302;Pont-de-Buis-lès-Quimerch;6.012309054;29
35001;Acigné;8.303029514;35
35002;Amanlis;6.568772695;35
35003;Andouillé-Neuville;6.713794097;35
35004;Antrain;6.068009978;35
35005;Arbrissel;5.184473978;35
35006;Argentré-du-Plessis;7.07838481;35
35007;Aubigné;6.713794097;35
35008;Availles-sur-Seiche;5.184473978;35
35009;Baguer-Morvan;6.810498791;35
35010;Baguer-Pican;6.440078775;35
35011;Baillé;6.068009978;35
35012;Bain-de-Bretagne;7.138611786;35
35013;Bains-sur-Oust;6.303055711;35
35014;Bais;6.356002033;35
35015;Balazé;6.12918515;35
35016;Baulon;6.352555783;35
35017;La Baussaine;6.964663339;35
35018;La Bazouge-du-Désert;6.032687057;35
35019;Bazouges-la-Pérouse;6.068009978;35
35021;Beaucé;6.606299302;35
35022;Bécherel;7.024231005;35
35023;Bédée;7.181435219;35
35024;Betton;8.458736363;35
35025;Billé;6.606299302;35
35026;Bléruais;6.814027573;35
35027;Boisgervilly;6.814027573;35
35028;Boistrudan;5.184473978;35
35029;Bonnemain;6.810498791;35
35030;La Bosse-de-Bretagne;6.534070854;35
35031;La Bouëxière;7.313888248;35
35032;Bourgbarré;8.095032278;35
35033;Bourg-des-Comptes;7.040967814;35
35034;La Boussac;6.068009978;35
35035;Bovel;6.352555783;35
35037;Bréal-sous-Montfort;7.754271213;35
35038;Bréal-sous-Vitré;6.12918515;35
35039;Brécé;8.190852455;35
35040;Breteil;6.814027573;35
35041;Brie;7.724789582;35
35042;Brielles;6.775757082;35
35044;Broualan;6.440078775;35
35045;Bruc-sur-Aff;5.627480339;35
35046;Les Brulais;5.627480339;35
35047;Bruz;9.584781454;35
35049;Cancale;7.304364461;35
35050;Cardroc;6.964663339;35
35051;Cesson-Sévigné;10.11210559;35
35052;Champeaux;6.775757082;35
35053;Chancé;6.775757082;35
35054;Chanteloup;6.972639355;35
35055;Chantepie;9.807161548;35
35056;La Chapelle-aux-Filtzméens;7.024231005;35
35057;La Chapelle-Bouëxic;6.187938531;35
35058;La Chapelle-Chaussée;6.964663339;35
35059;La Chapelle-des-Fougeretz;8.420223123;35
35060;La Chapelle du Lou du Lac;6.964663339;35
35061;La Chapelle-Erbrée;6.12918515;35
35062;La Chapelle-Janson;6.606299302;35
35063;La Chapelle-Saint-Aubert;6.713794097;35
35064;La Chapelle-de-Brain;5.962905173;35
35065;La Chapelle-Thouarault;6.814027573;35
35066;Chartres-de-Bretagne;9.481772145;35
35067;Chasné-sur-Illet;7.036379883;35
35068;Châteaubourg;7.289427049;35
35069;Châteaugiron;7.647650987;35
35070;Châteauneuf-d'Ille-et-Vilaine;7.304364461;35
35071;Le Châtellier;6.032687057;35
35072;Châtillon-en-Vendelais;6.440118482;35
35075;Chauvigné;6.440078775;35
35076;Chavagne;8.160450089;35
35077;Chelun;5.184473978;35
35078;Cherrueix;7.304364461;35
35079;Chevaigné;8.049993568;35
35080;Cintré;6.814027573;35
35081;Clayes;8.138868254;35
35082;Coësmes;5.614325312;35
35084;Comblessac;5.627480339;35
35085;Combourg;6.759418378;35
35086;Combourtillé;6.470933409;35
35087;Cornillé;6.775757082;35
35088;Corps-Nuds;7.555491919;35
35089;La Couyère;6.972639355;35
35090;Crevin;6.972639355;35
35091;Le Crouais;6.814027573;35
35092;Cuguen;6.440078775;35
35093;Dinard;8.902841993;35
35094;Dingé;6.440078775;35
35095;Dol-de-Bretagne;7.161041601;35
35096;Domagné;7.447582687;35
35097;Domalain;5.184473978;35
35098;La Dominelais;6.534070854;35
35099;Domloup;8.232897611;35
35100;Dompierre-du-Chemin;6.470933409;35
35101;Dourdain;7.036379883;35
35102;Drouges;5.184473978;35
35103;Eancé;5.991712501;35
35104;Epiniac;6.440078775;35
35105;Erbrée;6.12918515;35
35106;Ercé-en-Lamée;5.614325312;35
35107;Ercé-près-Liffré;7.036379883;35
35108;Essé;6.568772695;35
35109;Étrelles;7.028455333;35
35110;Feins;6.440078775;35
35111;Le Ferré;6.032687057;35
35112;Fleurigné;6.606299302;35
35113;La Fontenelle;6.068009978;35
35114;Forges-la-Forêt;5.184473978;35
35115;Fougères;7.182278796;35
35116;La Fresnais;7.275217537;35
35117;Gaël;5.87163531;35
35118;Gahard;6.713794097;35
35119;Gennes-sur-Seiche;5.528244437;35
35120;Gévezé;8.563801718;35
35121;Gosné;7.036379883;35
35122;La Gouesnière;7.275217537;35
35123;Goven;7.308791328;35
35124;Grand-Fougeray;6.190265433;35
35125;La Guerche-de-Bretagne;5.935563538;35
35126;Guichen;8.288699125;35
35127;Guignen;7.570507626;35
35128;Guipel;6.964663339;35
35130;Hédé-Bazouges;6.964663339;35
35131;L'Hermitage;9.075322222;35
35132;Hirel;7.304364461;35
35133;Iffendic;6.794605599;35
35134;Les Iffs;6.964663339;35
35135;Irodouër;6.964663339;35
35136;Janzé;7.461779435;35
35137;Javené;6.606299302;35
35138;Laignelet;6.606299302;35
35139;Laillé;7.463236592;35
35140;Lalleu;5.614325312;35
35141;Landavran;6.775757082;35
35142;Landéan;6.032687057;35
35143;Landujan;6.964663339;35
35144;Langan;6.964663339;35
35145;Langon;5.962905173;35
35146;Langouet;6.964663339;35
35147;Lanhélin;7.024231005;35
35148;Lanrigan;6.440078775;35
35149;Lassy;7.358598357;35
35150;Lécousse;7.264630749;35
35151;Lieuron;6.352555783;35
35152;Liffré;7.843558697;35
35153;Lillemer;7.275217537;35
35154;Livré-sur-Changeon;7.036379883;35
35155;Lohéac;7.573492077;35
35156;Longaulnay;7.024231005;35
35157;Le Loroux;6.032687057;35
35159;Lourmais;6.810498791;35
35160;Loutehel;6.606590334;35
35161;Louvigné-de-Bais;6.775757082;35
35162;Louvigné-du-Désert;5.421743661;35
35163;Luitré;6.606299302;35
35164;Marcillé-Raoul;6.440078775;35
35165;Marcillé-Robert;5.184473978;35
35166;Marpiré;7.036379883;35
35167;Martigné-Ferchaud;6.271232967;35
35168;Val d'Anast;6.403198846;35
35169;Maxent;6.352555783;35
35170;Mecé;6.470933409;35
35171;Médréac;5.90435263;35
35172;Meillac;6.810498791;35
35173;Melesse;8.414301033;35
35174;Mellé;4.925651411;35
35175;Mernel;6.352555783;35
35176;Guipry-Messac;6.512593593;35
35177;La Mézière;8.712452721;35
35178;Mézières-sur-Couesnon;6.713794097;35
35179;Miniac-Morvan;7.385555188;35
35180;Miniac-sous-Bécherel;6.964663339;35
35181;Le Minihic-sur-Rance;8.238813244;35
35183;Mondevert;6.12918515;35
35184;Montauban-de-Bretagne;7.100497126;35
35185;Montautour;6.470933409;35
35186;Mont-Dol;7.304364461;35
35187;Monterfil;6.814027573;35
35188;Montfort-sur-Meu;7.826945439;35
35189;Montgermont;8.790609558;35
35190;Monthault;4.925651411;35
35191;Les Portes du Coglais;6.032687057;35
35192;Montreuil-des-Landes;6.470933409;35
35193;Montreuil-le-Gast;6.964663339;35
35194;Montreuil-sous-Pérouse;6.12918515;35
35195;Montreuil-sur-Ille;6.713794097;35
35196;Mordelles;8.757073821;35
35197;Mouazé;7.036379883;35
35198;Moulins;6.568772695;35
35199;Moussé;5.184473978;35
35200;Moutiers;5.184473978;35
35201;Muel;6.814027573;35
35202;La Noë-Blanche;5.962905173;35
35203;La Nouaye;6.814027573;35
35204;Nouvoitou;8.068811407;35
35205;Noyal-sous-Bazouges;6.440078775;35
35206;Noyal-Châtillon-sur-Seiche;9.040828552;35
35207;Noyal-sur-Vilaine;8.161549109;35
35208;Orgères;7.99491086;35
35210;Pacé;8.760900335;35
35211;Paimpont;5.520112257;35
35212;Pancé;6.972639355;35
35214;Parcé;6.470933409;35
35215;Parigné;6.032687057;35
35216;Parthenay-de-Bretagne;8.138868254;35
35217;Le Pertre;5.528244437;35
35218;Le Petit-Fougeray;6.972639355;35
35219;Pipriac;6.066293366;35
35220;Piré-sur-Seiche;6.568772695;35
35221;Pléchâtel;6.480336688;35
35222;Pleine-Fougères;6.068009978;35
35223;Plélan-le-Grand;6.964096426;35
35224;Plerguer;7.275217537;35
35225;Plesder;7.024231005;35
35226;Pleugueneuc;7.024231005;35
35227;Pleumeleuc;7.579736396;35
35228;Pleurtuit;8.333941542;35
35229;Pocé-les-Bois;6.775757082;35
35230;Poilley;4.925651411;35
35231;Poligné;6.534070854;35
35232;Princé;5.386133864;35
35233;Québriac;7.024231005;35
35234;Quédillac;5.87163531;35
35235;Rannée;5.184473978;35
35236;Redon;6.887073713;35
35237;Renac;6.071288169;35
35238;Rennes;10.80689029;35
35239;Retiers;6.570199613;35
35240;Le Rheu;9.295040835;35
35241;La Richardais;9.027594724;35
35242;Rimou;6.068009978;35
35243;Romagné;7.102546181;35
35244;Romazy;6.068009978;35
35245;Romillé;7.051842415;35
35246;Roz-Landrieux;7.275217537;35
35247;Roz-sur-Couesnon;6.068009978;35
35248;Sains;6.068009978;35
35249;Sainte-Anne-sur-Vilaine;5.962905173;35
35250;Saint-Armel;9.159767552;35
35251;Saint-Aubin-d'Aubigné;7.458776776;35
35252;Saint-Aubin-des-Landes;6.775757082;35
35253;Saint-Aubin-du-Cormier;7.953091525;35
35255;Saint-Benoît-des-Ondes;7.304364461;35
35256;Saint-Briac-sur-Mer;9.027594724;35
35257;Maen Roch;6.660874633;35
35258;Saint-Brieuc-des-Iffs;6.964663339;35
35259;Saint-Broladre;6.068009978;35
35260;Saint-Christophe-des-Bois;6.470933409;35
35261;Saint-Christophe-de-Valains;6.440078775;35
35262;Sainte-Colombe;5.614325312;35
35263;Saint-Coulomb;7.707094972;35
35264;Saint-Didier;6.775757082;35
35265;Saint-Domineuc;7.024231005;35
35266;Saint-Erblon;7.737486915;35
35268;Saint-Ganton;6.071288169;35
35269;Saint-Georges-de-Chesné;6.470933409;35
35270;Saint-Georges-de-Gréhaigne;6.068009978;35
35271;Saint-Georges-de-Reintembault;4.925651411;35
35272;Saint-Germain-du-Pinel;5.184473978;35
35273;Saint-Germain-en-Coglès;6.032687057;35
35274;Saint-Germain-sur-Ille;7.983187952;35
35275;Saint-Gilles;7.870636896;35
35276;Saint-Gondran;6.964663339;35
35277;Saint-Gonlay;6.814027573;35
35278;Saint-Grégoire;9.90635082;35
35279;Saint-Guinoux;7.275217537;35
35280;Saint-Hilaire-des-Landes;6.440078775;35
35281;Saint-Jacques-de-la-Lande;8.028947705;35
35282;Saint-Jean-sur-Couesnon;6.713794097;35
35283;Saint-Jean-sur-Vilaine;6.775757082;35
35284;Saint-Jouan-des-Guérets;7.304364461;35
35285;Saint-Just;6.071288169;35
35286;Saint-Léger-des-Prés;6.440078775;35
35287;Saint-Lunaire;9.027594724;35
35288;Saint-Malo;9.155589553;35
35289;Saint-Malo-de-Phily;6.534070854;35
35290;Saint-Malon-sur-Mel;6.814027573;35
35291;Saint-Marcan;6.068009978;35
35292;Saint-Marc-le-Blanc;6.440078775;35
35293;Saint-Marc-sur-Couesnon;6.713794097;35
35294;Sainte-Marie;6.320978928;35
35295;Saint-Maugan;6.814027573;35
35296;Saint-Médard-sur-Ille;7.617266563;35
35297;Saint-Méen-le-Grand;6.10811943;35
35299;Saint-Méloir-des-Ondes;7.603680795;35
35300;Saint-M'Hervé;6.12918515;35
35301;Saint-M'Hervon;7.110479863;35
35302;Saint-Onen-la-Chapelle;6.814027573;35
35303;Saint-Ouen-la-Rouërie;6.068009978;35
35304;Saint-Ouen-des-Alleux;6.440078775;35
35305;Saint-Péran;6.814027573;35
35306;Saint-Père;7.304364461;35
35307;Saint-Pern;6.964663339;35
35308;Saint-Pierre-de-Plesguen;7.242399934;35
35309;Saint-Rémy-du-Plain;6.440078775;35
35310;Saint-Sauveur-des-Landes;6.606299302;35
35311;Saint-Séglin;6.071288169;35
35312;Saint-Senoux;6.534070854;35
35314;Saint-Suliac;7.304364461;35
35315;Saint-Sulpice-la-Forêt;7.036379883;35
35316;Saint-Sulpice-des-Landes;5.614325312;35
35317;Saint-Symphorien;6.964663339;35
35318;Saint-Thual;7.024231005;35
35319;Saint-Thurial;7.358598357;35
35320;Saint-Uniac;6.814027573;35
35321;Saulnières;6.972639355;35
35322;Le Sel-de-Bretagne;6.972639355;35
35324;La Selle-en-Luitré;6.606299302;35
35325;La Selle-Guerchaise;5.184473978;35
35326;Sens-de-Bretagne;7.033003924;35
35327;Servon-sur-Vilaine;7.525156685;35
35328;Sixt-sur-Aff;5.534001328;35
35329;Sougéal;6.068009978;35
35330;Taillis;6.470933409;35
35331;Talensac;6.814027573;35
35332;Teillay;5.614325312;35
35333;Le Theil-de-Bretagne;6.568772695;35
35334;Thorigné-Fouillard;8.545904786;35
35335;Thourie;5.614325312;35
35336;Le Tiercent;6.440078775;35
35337;Tinténiac;7.37230177;35
35338;Torcé;6.775757082;35
35339;Trans-la-Forêt;6.068009978;35
35340;Treffendel;6.352555783;35
35341;Tremblay;6.068009978;35
35342;Trémeheuc;6.440078775;35
35343;Tresboeuf;5.614325312;35
35344;Tressé;7.275217537;35
35345;Trévérien;7.024231005;35
35346;Trimer;7.024231005;35
35347;Val-d'Izé;6.350806724;35
35348;Vendel;6.713794097;35
35350;Vergéal;6.775757082;35
35351;Le Verger;6.814027573;35
35352;Vern-sur-Seiche;8.882227987;35
35353;Vezin-le-Coquet;9.529468727;35
35354;Vieux-Viel;6.068009978;35
35355;Vieux-Vy-sur-Couesnon;6.440078775;35
35356;Vignoc;7.379021821;35
35357;Villamée;4.925651411;35
35358;La Ville-ès-Nonais;7.304364461;35
35359;Visseiche;5.184473978;35
35360;Vitré;7.688355554;35
35361;Le Vivier-sur-Mer;7.304364461;35
35362;Le Tronchet;7.024231005;35
35363;Pont-Péan;7.737486915;35
44001;Abbaretz;6.967649746;44
44002;Aigrefeuille-sur-Maine;8.382981693;44
44003;Ancenis;7.871806039;44
44005;Chaumes-en-Retz;7.963432995;44
44006;Assérac;8.02724566;44
44007;Avessac;6.362406093;44
44009;Basse-Goulaine;10.79065838;44
44010;Batz-sur-Mer;10.52589653;44
44012;La Bernerie-en-Retz;9.296346335;44
44013;Besné;8.095465907;44
44014;Le Bignon;8.396968346;44
44015;Blain;7.595591427;44
44016;La Boissière-du-Doré;7.217573669;44
44017;Bonnoeuvre;6.007322235;44
44018;Bouaye;9.649895477;44
44019;Bouée;8.264021713;44
44020;Bouguenais;9.760602637;44
44021;Villeneuve-en-Retz;7.071560823;44
44022;Boussay;7.535163163;44
44023;Bouvron;7.640260538;44
44024;Brains;8.486991781;44
44025;Campbon;7.467438798;44
44026;Carquefou;10.70343064;44
44027;Casson;8.580555293;44
44028;Le Cellier;8.062173216;44
44029;Divatte-sur-Loire;8.630502228;44
44030;La Chapelle-des-Marais;8.295586907;44
44031;La Chapelle-Glain;6.007322235;44
44032;La Chapelle-Heulin;8.926634988;44
44033;La Chapelle-Launay;8.095465907;44
44035;La Chapelle-sur-Erdre;10.48135618;44
44036;Châteaubriant;6.659914733;44
44037;Château-Thébaud;8.558121543;44
44038;Chauvé;7.963432995;44
44039;Cheix-en-Retz;8.486991781;44
44041;La Chevrolière;8.993055841;44
44043;Clisson;8.381253493;44
44044;Conquereuil;5.962905173;44
44045;Cordemais;8.825401104;44
44046;Corsept;8.095465907;44
44047;Couëron;9.432667677;44
44048;Couffé;8.029134862;44
44049;Le Croisic;10.52589653;44
44050;Crossac;8.095465907;44
44051;Derval;6.355424726;44
44052;Donges;8.365316206;44
44053;Drefféac;6.918944787;44
44054;Erbray;6.168268985;44
44055;La Baule-Escoublac;11.11344371;44
44056;Fay-de-Bretagne;7.847979567;44
44057;Fégréac;6.553674336;44
44058;Fercé;5.614325312;44
44061;Frossay;7.617125431;44
44062;Le Gâvre;6.745867493;44
44063;Gétigné;7.589933657;44
44064;Gorges;8.072823779;44
44065;Grand-Auverné;6.007322235;44
44066;Grandchamps-des-Fontaines;9.376037384;44
44067;Guémené-Penfao;6.187267914;44
44068;Guenrouet;6.918944787;44
44069;Guérande;9.409269064;44
44070;La Haie-Fouassière;9.429178367;44
44071;Haute-Goulaine;10.20705193;44
44072;Herbignac;7.75780678;44
44073;Héric;8.145022604;44
44074;Indre;9.247622293;44
44075;Issé;6.007322235;44
44076;Jans;6.039611273;44
44077;Joué-sur-Erdre;6.973054022;44
44078;Juigné-des-Moutiers;6.039611273;44
44079;Le Landreau;8.371044106;44
44080;Lavau-sur-Loire;8.095465907;44
44081;Legé;6.585375789;44
44082;Ligné;8.58076205;44
44083;La Limouzinière;7.116013481;44
44084;Le Loroux-Bottereau;8.68329203;44
44085;Louisfert;6.039611273;44
44086;Lusanger;6.039611273;44
44087;Machecoul-Saint-Même;7.755503837;44
44088;Maisdon-sur-Sèvre;7.841302825;44
44089;Malville;8.547648366;44
44090;La Marne;7.116013481;44
44091;Marsac-sur-Don;5.962905173;44
44092;Massérac;5.962905173;44
44093;Maumusson;7.3718887;44
44094;Mauves-sur-Loire;9.354304176;44
44095;La Meilleraye-de-Bretagne;6.007322235;44
44096;Mésanger;7.585769088;44
44097;Mesquer;8.02724566;44
44098;Missillac;7.997526102;44
44099;Moisdon-la-Rivière;6.007322235;44
44100;Monnières;7.841302825;44
44101;La Montagne;9.299634207;44
44102;Montbert;8.759497589;44
44103;Montoir-de-Bretagne;8.677511628;44
44104;Montrelais;6.286247084;44
44105;Mouais;5.962905173;44
44106;Les Moutiers-en-Retz;9.223768179;44
44107;Mouzeil;7.3718887;44
44108;Mouzillon;7.635316736;44
44109;Nantes;11.5972306;44
44110;Nort-sur-Erdre;8.3058674;44
44111;Notre-Dame-des-Landes;8.580555293;44
44112;Noyal-sur-Brutz;5.614325312;44
44113;Nozay;6.992665116;44
44114;Orvault;10.4987351;44
44115;Oudon;8.089648618;44
44116;Paimboeuf;7.963432995;44
44117;Le Pallet;8.309232204;44
44118;Pannecé;7.3718887;44
44119;Paulx;7.116013481;44
44120;Le Pellerin;8.964144323;44
44121;Petit-Auverné;6.039611273;44
44122;Petit-Mars;8.989444388;44
44123;Pierric;5.962905173;44
44124;Le Pin;6.007322235;44
44125;Piriac-sur-Mer;8.02724566;44
44126;La Plaine-sur-Mer;9.054711285;44
44127;La Planche;7.446880682;44
44128;Plessé;7.12556324;44
44129;Pontchâteau;8.576008131;44
44130;Pont-Saint-Martin;8.994452345;44
44131;Pornic;9.708127681;44
44132;Pornichet;10.79944276;44
44133;Port-Saint-Père;8.776793928;44
44134;Pouillé-les-Côteaux;7.3718887;44
44135;Le Pouliguen;10.52589653;44
44136;Préfailles;9.254983776;44
44137;Prinquiau;7.805688199;44
44138;Puceul;7.273388685;44
44139;Quilly;8.264021713;44
44140;La Regrippière;7.217573669;44
44141;La Remaudière;7.217573669;44
44142;Remouillé;7.015748412;44
44143;Rezé;10.31929039;44
44144;Riaillé;6.865681762;44
44145;Rouans;8.486991781;44
44146;Rougé;5.614325312;44
44148;Ruffigné;5.614325312;44
44149;Saffré;7.278402905;44
44150;Saint-Aignan-Grandlieu;9.070991691;44
44151;Saint-André-des-Eaux;9.633749405;44
44152;Sainte-Anne-sur-Brivet;6.918944787;44
44153;Saint-Aubin-des-Châteaux;5.614325312;44
44154;Saint-Brevin-les-Pins;9.360953795;44
44155;Saint-Colomban;7.89698758;44
44156;Corcoué-sur-Logne;6.955037049;44
44157;Saint-Étienne-de-Mer-Morte;7.116013481;44
44158;Saint-Étienne-de-Montluc;9.087745097;44
44159;Saint-Fiacre-sur-Maine;8.759497589;44
44160;Saint-Géréon;8.089648618;44
44161;Saint-Gildas-des-Bois;6.750950897;44
44162;Saint-Herblain;10.72040055;44
44163;Vair-sur-Loire;7.3718887;44
44164;Saint-Hilaire-de-Chaléons;7.824878774;44
44165;Saint-Hilaire-de-Clisson;6.880970776;44
44166;Saint-Jean-de-Boiseau;9.148909968;44
44168;Saint-Joachim;8.265625848;44
44169;Saint-Julien-de-Concelles;9.043111248;44
44170;Saint-Julien-de-Vouvantes;6.007322235;44
44171;Saint-Léger-les-Vignes;8.577442071;44
44172;Sainte-Luce-sur-Loire;10.24602722;44
44173;Saint-Lumine-de-Clisson;7.58585332;44
44174;Saint-Lumine-de-Coutais;8.577442071;44
44175;Saint-Lyphard;8.272785828;44
44176;Saint-Malo-de-Guersac;8.095465907;44
44178;Saint-Mars-de-Coutais;8.577442071;44
44179;Saint-Mars-du-Désert;8.825866617;44
44180;Saint-Mars-la-Jaille;6.007322235;44
44182;Saint-Michel-Chef-Chef;9.110490836;44
44183;Saint-Molf;8.627173546;44
44184;Saint-Nazaire;10.21721818;44
44185;Saint-Nicolas-de-Redon;6.386085355;44
44186;Sainte-Pazanne;8.034366565;44
44187;Saint-Père-en-Retz;8.110037273;44
44188;Saint-Philbert-de-Grand-Lieu;8.280548199;44
44189;Sainte-Reine-de-Bretagne;8.095465907;44
44190;Saint-Sébastien-sur-Loire;10.76757597;44
44191;Saint-Sulpice-des-Landes;6.007322235;44
44192;Saint-Viaud;8.284038376;44
44193;Saint-Vincent-des-Landes;6.039611273;44
44194;Sautron;11.22032399;44
44195;Savenay;8.900203333;44
44196;Sévérac;6.918944787;44
44197;Sion-les-Mines;5.614325312;44
44198;Les Sorinières;9.770254471;44
44199;Soudan;5.526348792;44
44200;Soulvache;5.614325312;44
44201;Sucé-sur-Erdre;9.707054077;44
44202;Teillé;7.3718887;44
44203;Le Temple-de-Bretagne;8.264021713;44
44204;Thouaré-sur-Loire;9.857234932;44
44205;Les Touches;7.3718887;44
44206;Touvois;6.442169648;44
44207;Trans-sur-Erdre;7.3718887;44
44208;Treffieux;6.007322235;44
44209;Treillières;9.973251377;44
44210;Trignac;9.010913063;44
44211;La Turballe;8.210294275;44
44212;Vallet;8.085534318;44
44213;Loireauxence;6.254075638;44
44214;Vay;7.273388685;44
44215;Vertou;10.68113683;44
44216;Vieillevigne;7.13313792;44
44217;Vigneux-de-Bretagne;9.206187116;44
44218;Villepot;5.991712501;44
44219;Vritz;6.007322235;44
44220;Vue;8.486991781;44
44221;La Chevallerais;7.273388685;44
44222;La Roche-Blanche;7.3718887;44
44223;Geneston;9.025086298;44
44224;La Grigonnais;7.273388685;44
56001;Allaire;6.49843665;56
56002;Ambon;7.913892603;56
56003;Arradon;10.2136801;56
56004;Arzal;7.130331533;56
56005;Arzon;8.685190285;56
56006;Augan;6.080364005;56
56007;Auray;8.190948288;56
56008;Baden;9.596042593;56
56009;Bangor;9.139676786;56
56010;Baud;7.129063727;56
56011;Béganne;6.076777022;56
56012;Beignon;6.863960938;56
56013;Belz;9.139676786;56
56014;Berné;5.800613759;56
56015;Berric;7.09339092;56
56016;Bieuzy;5.743293385;56
56017;Bignan;6.463791507;56
56018;Billiers;7.913892603;56
56019;Billio;5.713214135;56
56020;Bohal;7.09339092;56
56021;Brandérion;7.577508523;56
56022;Brandivy;6.931433116;56
56023;Brech;7.677953926;56
56024;Bréhan;5.520112257;56
56025;Brignac;5.520112257;56
56026;Bubry;5.743293385;56
56027;Buléon;5.713214135;56
56028;Caden;6.076777022;56
56029;Calan;7.491425546;56
56030;Camoël;8.02724566;56
56031;Camors;6.931433116;56
56032;Campénéac;6.219421345;56
56033;Carentoir;5.546007301;56
56034;Carnac;9.17606301;56
56035;Caro;6.435483711;56
56036;Caudan;8.190769439;56
56039;La Chapelle-Neuve;6.931433116;56
56040;Cléguer;7.491425546;56
56041;Cléguérec;5.743293385;56
56042;Colpo;6.342067717;56
56043;Concoret;5.520112257;56
56044;Cournon;5.627480339;56
56045;Le Cours;7.09339092;56
56046;Crach;7.920271769;56
56047;Crédin;5.494593044;56
56048;Le Croisty;5.800613759;56
56049;Croixanvec;6.16138334;56
56050;La Croix-Helléan;6.435483711;56
56051;Cruguel;5.713214135;56
56052;Damgan;7.913892603;56
56053;Elven;7.862420719;56
56054;Erdeven;8.343245687;56
56055;Étel;9.139676786;56
56056;Évriguet;5.520112257;56
56057;Le Faouët;6.272784789;56
56058;Férel;7.849669811;56
56059;Les Forges;5.713214135;56
56060;Les Fougerêts;6.435483711;56
56061;La Gacilly;5.866571153;56
56062;Gâvres;7.991983545;56
56063;Gestel;8.448116329;56
56065;Gourhel;6.219421345;56
56066;Gourin;6.229257982;56
56067;Grand-Champ;7.819090433;56
56068;La Grée-Saint-Laurent;5.713214135;56
56069;Groix;9.095840717;56
56070;Guégon;5.713214135;56
56071;Guéhenno;6.342067717;56
56072;Gueltas;6.16138334;56
56073;Guémené-sur-Scorff;5.743293385;56
56074;Guénin;6.931433116;56
56075;Guer;6.870015301;56
56076;Guern;5.743293385;56
56077;Le Guerno;7.913892603;56
56078;Guidel;8.678971518;56
56079;Guillac;6.435483711;56
56080;Guilliers;5.520112257;56
56081;Guiscriff;6.05578471;56
56082;Helléan;5.713214135;56
56083;Hennebont;8.161979085;56
56084;Le Hézo;7.970257801;56
56085;Hoedic;8.685190285;56
56086;Île-d'Houat;9.139676786;56
56087;Île-aux-Moines;10.31068046;56
56088;Île-d'Arz;10.31068046;56
56089;Inguiniel;5.800613759;56
56090;Inzinzac-Lochrist;7.461739386;56
56091;Josselin;5.713214135;56
56092;Kerfourn;6.16138334;56
56093;Kergrist;5.494593044;56
56094;Kervignac;7.970985338;56
56096;Landaul;7.771275277;56
56097;Landévant;7.685988719;56
56098;Lanester;8.377588566;56
56099;Langoëlan;5.800613759;56
56100;Langonnet;5.800613759;56
56101;Languidic;7.066444394;56
56102;Lanouée;5.713214135;56
56103;Lantillac;5.713214135;56
56104;Lanvaudan;5.800613759;56
56105;Lanvénégen;6.05578471;56
56106;Larmor-Baden;10.31068046;56
56107;Larmor-Plage;9.872156238;56
56108;Larré;7.09339092;56
56109;Lauzach;7.09339092;56
56110;Lignol;5.743293385;56
56111;Limerzel;6.076777022;56
56112;Lizio;6.435483711;56
56113;Locmalo;5.743293385;56
56114;Locmaria;9.139676786;56
56115;Locmaria-Grand-Champ;7.864275165;56
56116;Locmariaquer;7.771275277;56
56117;Locminé;6.929335716;56
56118;Locmiquélic;7.991983545;56
56119;Locoal-Mendon;7.771275277;56
56120;Locqueltas;7.864275165;56
56121;Lorient;8.785645495;56
56122;Loyat;6.219421345;56
56123;Malansac;6.076777022;56
56124;Malestroit;6.076777022;56
56125;Malguénac;5.743293385;56
56126;Marzan;7.594555787;56
56127;Mauron;5.81528823;56
56128;Melrand;5.743293385;56
56129;Ménéac;5.520112257;56
56130;Merlevenez;7.577508523;56
56131;Meslan;6.05578471;56
56132;Meucon;8.365309416;56
56133;Missiriac;6.435483711;56
56134;Mohon;5.520112257;56
56135;Molac;7.09339092;56
56136;Monteneuf;6.219421345;56
56137;Monterblanc;7.864275165;56
56138;Monterrein;6.219421345;56
56139;Montertelot;6.435483711;56
56140;Moréac;6.276138827;56
56141;Moustoir-Ac;6.342067717;56
56143;Muzillac;8.09606651;56
56144;Évellys;5.494593044;56
56145;Néant-sur-Yvel;6.219421345;56
56146;Neulliac;5.494593044;56
56147;Nivillac;6.8082788;56
56148;Nostang;7.577508523;56
56149;Noyal-Muzillac;6.076777022;56
56151;Noyal-Pontivy;6.371447094;56
56152;Le Palais;9.139676786;56
56153;Péaule;7.243032211;56
56154;Peillac;6.076777022;56
56155;Pénestin;8.02724566;56
56156;Persquen;5.800613759;56
56157;Plaudren;5.713214135;56
56158;Plescop;8.422988139;56
56159;Pleucadeuc;6.076777022;56
56160;Pleugriffet;5.520112257;56
56161;Ploemel;7.742294749;56
56162;Ploemeur;9.218713128;56
56163;Ploërdut;5.800613759;56
56164;Ploeren;8.7053887;56
56165;Ploërmel;6.688650167;56
56166;Plouay;7.520125246;56
56167;Plougoumelen;10.31068046;56
56168;Plouharnel;9.139676786;56
56169;Plouhinec;7.73873098;56
56170;Plouray;5.800613759;56
56171;Pluherlin;6.076777022;56
56172;Plumelec;6.37155125;56
56173;Pluméliau;6.226089787;56
56174;Plumelin;6.931433116;56
56175;Plumergat;7.613272257;56
56176;Pluneret;7.527419241;56
56177;Pluvigner;7.485337735;56
56178;Pontivy;6.856020212;56
56179;Pont-Scorff;7.711798294;56
56180;Porcaro;6.219421345;56
56181;Port-Louis;7.991983545;56
56182;Priziac;5.800613759;56
56184;Questembert;6.949186684;56
56185;Quéven;8.174841316;56
56186;Quiberon;9.483096536;56
56188;Quistinic;5.743293385;56
56189;Radenac;6.342067717;56
56190;Réguiny;6.342067717;56
56191;Réminiac;6.435483711;56
56193;Riantec;8.095784905;56
56194;Rieux;6.393712337;56
56195;La Roche-Bernard;7.913892603;56
56196;Rochefort-en-Terre;6.076777022;56
56197;Val d'Oust;6.435483711;56
56198;Rohan;5.520112257;56
56199;Roudouallec;6.05578471;56
56200;Ruffiac;6.435483711;56
56201;Le Saint;6.05578471;56
56202;Saint-Abraham;6.435483711;56
56203;Saint-Aignan;5.494593044;56
56204;Saint-Allouestre;5.713214135;56
56205;Saint-Armel;8.685190285;56
56206;Saint-Avé;8.342987007;56
56207;Saint-Barthélemy;5.743293385;56
56208;Saint-Brieuc-de-Mauron;5.520112257;56
56209;Sainte-Brigitte;5.494593044;56
56210;Saint-Caradec-Trégomel;5.800613759;56
56211;Saint-Congard;6.076777022;56
56212;Saint-Dolay;6.537658076;56
56213;Saint-Gérand;6.16138334;56
56214;Saint-Gildas-de-Rhuys;8.685190285;56
56215;Saint-Gonnery;6.16138334;56
56216;Saint-Gorgon;6.076777022;56
56218;Saint-Gravé;6.076777022;56
56219;Saint-Guyomard;7.09339092;56
56220;Sainte-Hélène;7.991983545;56
56221;Saint-Jacut-les-Pins;6.076777022;56
56222;Saint-Jean-Brévelay;5.713214135;56
56223;Saint-Jean-la-Poterie;6.673978302;56
56224;Saint-Laurent-sur-Oust;6.076777022;56
56225;Saint-Léry;5.520112257;56
56226;Saint-Malo-de-Beignon;6.219421345;56
56227;Saint-Malo-des-Trois-Fontaines;5.713214135;56
56228;Saint-Marcel;6.076777022;56
56229;Saint-Martin-sur-Oust;6.435483711;56
56230;Saint-Nicolas-du-Tertre;6.435483711;56
56231;Saint-Nolff;7.970257801;56
56232;Saint-Perreux;6.537658076;56
56233;Saint-Philibert;7.771275277;56
56234;Saint-Pierre-Quiberon;9.139676786;56
56236;Saint-Servant;5.713214135;56
56237;Saint-Thuriau;5.494593044;56
56238;Saint-Tugdual;5.800613759;56
56239;Saint-Vincent-sur-Oust;5.627480339;56
56240;Sarzeau;8.333901818;56
56241;Sauzon;9.139676786;56
56242;Séglien;5.743293385;56
56243;Séné;8.795380849;56
56244;Sérent;6.764125722;56
56245;Silfiac;5.494593044;56
56246;Le Sourn;5.494593044;56
56247;Sulniac;7.520094213;56
56248;Surzur;7.533084101;56
56249;Taupont;6.435483711;56
56250;Théhillac;6.918944787;56
56251;Theix-Noyalo;8.007834316;56
56252;Le Tour-du-Parc;8.685190285;56
56253;Tréal;5.627480339;56
56254;Trédion;7.09339092;56
56255;Treffléan;7.864275165;56
56256;Tréhorenteuc;5.520112257;56
56257;La Trinité-Porhoët;5.520112257;56
56258;La Trinité-sur-Mer;9.139676786;56
56259;La Trinité-Surzur;7.970257801;56
56260;Vannes;9.513102657;56
56261;La Vraie-Croix;7.09339092;56
56262;Bono;10.31068046;56
56263;Sainte-Anne-d'Auray;8.010676992;56
56264;Kernascléden;5.800613759;56
