Geo Point;Code département;Libellé département;CODGEO;Libellé Commune
48.47710340265056, -4.322690068512908;29;Finistère;29268;Saint-Thonan
48.62648279999985, -4.257296614894699;29;Finistère;29287;Tréflez
48.389901171384295, -2.8629816779868276;22;Côtes-d'Armor;22277;Saint-Brandan
48.23205332983673, -2.35409866928912;22;Côtes-d'Armor;22309;Saint-Launeuc
48.393646810494076, -2.5412862373097482;22;Côtes-d'Armor;22332;Saint-Trimoël
48.5084390529387, -3.2887619158372385;22;Côtes-d'Armor;22072;Gurunhuel
48.397988313749984, -2.0828373600169927;22;Côtes-d'Armor;22082;Le Hinglé
48.29460489080976, -3.325603227294781;22;Côtes-d'Armor;22087;Kergrist-Moëlou
48.46218951875436, -3.5269405948992083;22;Côtes-d'Armor;22132;Lohuec
48.389733819073925, -2.2674010013311876;22;Côtes-d'Armor;22145;Mégrit
48.52754674850393, -2.071280262807143;22;Côtes-d'Armor;22190;Pleslin-Trigavou
48.525076993155004, -2.0064772868034786;22;Côtes-d'Armor;22213;Plouër-sur-Rance
48.487289095102696, -2.8081004181194076;22;Côtes-d'Armor;22215;Ploufragan
48.64796838664791, -3.536869429523705;22;Côtes-d'Armor;22235;Plouzélambre
48.28681322047517, -1.134055313200611;35;Ille-et-Vilaine;35163;Luitré-Dompierre
48.030318912729, -2.173174951389354;35;Ille-et-Vilaine;35211;Paimpont
48.404538438514734, -1.8857522763163015;35;Ille-et-Vilaine;35226;Pleugueneuc
47.90038136250444, -1.2268946656390862;35;Ille-et-Vilaine;35235;Rannée
48.67723592378046, -1.9211390967979765;35;Ille-et-Vilaine;35263;Saint-Coulomb
48.338312383539865, -1.3665772470754047;35;Ille-et-Vilaine;35280;Saint-Hilaire-des-Landes
48.60398157276344, -1.9652881930111346;35;Ille-et-Vilaine;35284;Saint-Jouan-des-Guérets
48.64003675777474, -1.9808472198720661;35;Ille-et-Vilaine;35288;Saint-Malo
47.69352040056791, -2.013585803376961;35;Ille-et-Vilaine;35294;Sainte-Marie
48.048968891681916, -1.4746343796925527;35;Ille-et-Vilaine;35069;Châteaugiron
48.20937170509668, -2.1509956728944903;35;Ille-et-Vilaine;35091;Le Crouais
47.99526921387853, -4.328045263751018;29;Finistère;29108;Landudec
47.83814360958785, -4.294383401021233;29;Finistère;29171;Plomeur
47.79237710744664, -3.193268893574574;56;Morbihan;56021;Brandérion
47.78422522872202, -2.9222245354579512;56;Morbihan;56022;Brandivy
47.816598647213304, -2.8065809645915505;56;Morbihan;56042;Colpo
48.13658848473797, -3.604143385699294;56;Morbihan;56066;Gourin
47.80760381235834, -3.270365675295573;56;Morbihan;56083;Hennebont
48.14732576756959, -2.928687121513674;56;Morbihan;56093;Kergrist
47.75997742353317, -2.7901783803660187;56;Morbihan;56115;Locmaria-Grand-Champ
48.13156104630813, -2.4540749255275682;56;Morbihan;56129;Ménéac
48.02247756565863, -2.3330554081813353;56;Morbihan;56145;Néant-sur-Yvel
47.715286918207674, -2.2188404770082175;56;Morbihan;56154;Peillac
48.07319555613593, -2.9706396858952147;56;Morbihan;56178;Pontivy
47.51954435198978, -2.302657976962117;56;Morbihan;56195;La Roche-Bernard
48.17704211733387, -3.11040760057991;56;Morbihan;56209;Sainte-Brigitte
47.55195904997736, -2.1184466920730185;56;Morbihan;56250;Théhillac
47.529412175679084, -2.654117150672027;56;Morbihan;56252;Le Tour-du-Parc
48.011081070770075, -1.305387299087277;35;Ille-et-Vilaine;35014;Bais
48.08232593066305, -1.3138456079406102;35;Ille-et-Vilaine;35087;Cornillé
48.16100500975766, -1.2848342049132944;35;Ille-et-Vilaine;35141;Landavran
47.90301685621791, -1.999514645125563;35;Ille-et-Vilaine;35168;Val d'Anast
47.9783264227376, -2.01613867329766;35;Ille-et-Vilaine;35169;Maxent
48.060055157038825, -1.9903845766342225;35;Ille-et-Vilaine;35187;Monterfil
48.085916511468106, -1.8426616880534559;35;Ille-et-Vilaine;35196;Mordelles
47.72782297662942, -1.9667551116529394;35;Ille-et-Vilaine;35237;Renac
48.01335342047276, -1.5805628441028805;35;Ille-et-Vilaine;35250;Saint-Armel
48.3605657435202, -1.8693874521277982;35;Ille-et-Vilaine;35265;Saint-Domineuc
48.3733963840385, -1.3977254047287042;35;Ille-et-Vilaine;35292;Saint-Marc-le-Blanc
48.28121669177965, -1.983188668724824;35;Ille-et-Vilaine;35307;Saint-Pern
47.85176893478345, -2.0260110052735247;35;Ille-et-Vilaine;35311;Saint-Séglin
47.91920650185441, -1.5778407084654573;35;Ille-et-Vilaine;35321;Saulnières
48.549159352652836, -1.9523044191431178;35;Ille-et-Vilaine;35358;La Ville-ès-Nonais
48.69750531447889, -3.308461332158849;22;Côtes-d'Armor;22006;Berhet
48.39639125952189, -2.4944073420385817;22;Côtes-d'Armor;22140;La Malhoure
48.23134465685796, -2.7051289011505077;22;Côtes-d'Armor;22155;La Motte
48.69465351088745, -3.0067518941250695;22;Côtes-d'Armor;22178;Pléhédel
48.19831050359028, -3.2038041544780835;22;Côtes-d'Armor;22181;Plélauff
48.54399626161453, -2.769713010180491;22;Côtes-d'Armor;22187;Plérin
48.41468043166207, -2.4413164240059184;22;Côtes-d'Armor;22193;Plestan
48.51531993406892, -4.120071275834516;29;Finistère;29010;Bodilis
48.65687533095654, -3.9145636201202967;29;Finistère;29023;Carantec
47.92055182843626, -3.9680565665042997;29;Finistère;29057;La Forêt-Fouesnant
48.04124146798606, -4.1960462124654185;29;Finistère;29066;Guengat
48.51640261852274, -4.060783070547436;29;Finistère;29105;Landivisiau
48.18384573719344, -4.02568958039754;29;Finistère;29142;Lothey
48.027138085356306, -4.419501237289253;29;Finistère;29143;Mahalon
47.946755130238095, -4.295840731375638;29;Finistère;29159;Peumerit
48.4574493636135, -4.1292889538002715;29;Finistère;29180;Ploudiry
48.62167974222534, -3.6702827305488466;29;Finistère;29182;Plouégat-Guérand
48.50563261681473, -3.727496231267587;29;Finistère;29191;Plougonven
48.39975175322028, -4.715685340081954;29;Finistère;29201;Ploumoguer
48.27137737155706, -4.198543556175292;29;Finistère;29240;Rosnoën
48.51485172596246, -2.7633107258871803;22;Côtes-d'Armor;22278;Saint-Brieuc
48.180184489996904, -2.925741320443639;22;Côtes-d'Armor;22285;Saint-Connec
48.08570250700337, -2.643116980636368;22;Côtes-d'Armor;22288;Saint-Étienne-du-Gué-de-l'Isle
48.63739398496615, -3.1667291042396215;22;Côtes-d'Armor;22338;Squiffiec
48.67585912150836, -3.4003826594572883;22;Côtes-d'Armor;22340;Tonquédec
48.70786004074584, -3.5635644143972796;22;Côtes-d'Armor;22349;Trédrez-Locquémeau
48.28095984210413, -2.847819582785454;22;Côtes-d'Armor;22384;Uzel
47.52138230773197, -2.4041423968682887;56;Morbihan;56004;Arzal
48.06556930321227, -2.209424770654686;56;Morbihan;56043;Concoret
47.9238917257409, -2.479240366753593;56;Morbihan;56079;Guillac
48.06247593368657, -3.183175609307315;56;Morbihan;56113;Locmalo
47.582875033215466, -2.335521462533551;56;Morbihan;56153;Péaule
47.73253803650636, -3.4422692007023734;56;Morbihan;56162;Ploemeur
48.182188742531224, -3.0490203761273755;56;Morbihan;56203;Saint-Aignan
47.54718567907094, -2.172189889309245;56;Morbihan;56212;Saint-Dolay
47.660295516744036, -2.5622061105128604;56;Morbihan;56247;Sulniac
48.1533951717719, -3.9061505493124073;29;Finistère;29267;Saint-Thois
48.66430991853121, -4.071764793592539;29;Finistère;29276;Sibiril
48.39387180446539, -4.129534893088426;29;Finistère;29294;Le Tréhou
48.373140348965485, -2.013147856687605;22;Côtes-d'Armor;22274;Saint-André-des-Eaux
48.462517653803566, -2.2219142048526956;22;Côtes-d'Armor;22318;Saint-Michel-de-Plélan
48.5673467100913, -2.8833714458847868;22;Côtes-d'Armor;22356;Trégomeur
48.4679358135574, -2.6817276354156308;22;Côtes-d'Armor;22389;Yffiniac
48.31157405032765, -2.8670651337472943;22;Côtes-d'Armor;22001;Allineuc
48.337245775243694, -3.0959063599846113;22;Côtes-d'Armor;22029;Canihuel
48.205711014474254, -3.3880569640213585;22;Côtes-d'Armor;22061;Glomel
48.38674852310644, -2.683781581736478;22;Côtes-d'Armor;22079;Hénon
48.61487083619394, -3.2036352848070537;22;Côtes-d'Armor;22091;Kermoroc'h
48.65055054470595, -3.0090952031802667;22;Côtes-d'Armor;22112;Lannebert
48.423990652869634, -2.965116944345763;22;Côtes-d'Armor;22126;Le Leslay
48.52882253971148, -3.234921403671726;22;Côtes-d'Armor;22156;Moustéru
48.588027198469696, -3.2771017455559184;22;Côtes-d'Armor;22164;Pédernec
48.33814970468506, -2.676600308020385;22;Côtes-d'Armor;22184;Plémy
48.842911190343344, -3.134493849898723;22;Côtes-d'Armor;22195;Pleubian
47.313070086088764, -3.1927713996702525;56;Morbihan;56009;Bangor
47.74912688373098, -2.508143692028013;56;Morbihan;56045;Le Cours
47.58626575053529, -2.848731093417323;56;Morbihan;56087;Île-aux-Moines
47.955662011875916, -3.260336736016351;56;Morbihan;56089;Inguiniel
47.863584950824354, -2.2526792850730404;56;Morbihan;56191;Réminiac
48.089978473134174, -2.3612059051410808;56;Morbihan;56208;Saint-Brieuc-de-Mauron
47.71738999967653, -3.185303378732014;56;Morbihan;56220;Sainte-Hélène
47.79613523293631, -2.2178276833593005;56;Morbihan;56230;Saint-Nicolas-du-Tertre
48.40302260650541, -3.7657070439880784;29;Finistère;29007;Berrien
48.533046445871356, -4.381947749530848;29;Finistère;29047;Le Drennec
48.11942161458446, -3.960661264086226;29;Finistère;29048;Edern
48.61478365960004, -4.03268318122176;29;Finistère;29148;Mespaul
47.93295321514497, -4.359921988507206;29;Finistère;29214;Plovan
48.49845052430643, -4.754124168172735;29;Finistère;29221;Porspoder
48.23349195315418, -4.35726298659193;29;Finistère;29280;Telgruc-sur-Mer
48.62695640675765, -4.098753229840943;29;Finistère;29285;Tréflaouénan
48.09253100776219, -1.06077141597044;35;Ille-et-Vilaine;35038;Bréal-sous-Vitré
48.1388596292254, -1.3008218711245072;35;Ille-et-Vilaine;35052;Champeaux
48.59485566404594, -1.7155084136445806;35;Ille-et-Vilaine;35078;Cherrueix
47.997960656606374, -1.1329055924905396;35;Ille-et-Vilaine;35119;Gennes-sur-Seiche
48.41311522054373, -1.147800027000854;35;Ille-et-Vilaine;35142;Landéan
48.2193610307846, -1.6895816794364977;35;Ille-et-Vilaine;35173;Melesse
48.20467461202798, -1.120846454357211;35;Ille-et-Vilaine;35185;Montautour
48.11167956598057, -1.6818689569630096;35;Ille-et-Vilaine;35238;Rennes
48.01891266239769, -1.6426008975608934;35;Ille-et-Vilaine;35266;Saint-Erblon
48.57880347452856, -1.5496475224829838;35;Ille-et-Vilaine;35270;Saint-Georges-de-Gréhaigne
48.397526117226775, -1.2648445438594238;35;Ille-et-Vilaine;35273;Saint-Germain-en-Coglès
47.77488008436435, -2.049603208411056;35;Ille-et-Vilaine;35328;Sixt-sur-Aff
47.88050243578782, -1.5535180594703555;35;Ille-et-Vilaine;35343;Tresbœuf
48.49285533181018, -1.84141144421661;35;Ille-et-Vilaine;35362;Le Tronchet
48.56304026903393, -3.1008145779522356;22;Côtes-d'Armor;22272;Saint-Agathon
48.46600430528192, -1.9592638913150324;22;Côtes-d'Armor;22299;Saint-Hélen
48.486604566333924, -2.5922050460710464;22;Côtes-d'Armor;22044;Coëtmieux
48.60344887015755, -3.0228218900965196;22;Côtes-d'Armor;22065;Goudelin
48.48507006191167, -2.529991643442078;22;Côtes-d'Armor;22093;Lamballe-Armor
48.73497449558828, -3.2979764397394744;22;Côtes-d'Armor;22101;Langoat
48.39303484828071, -2.205712406659745;22;Côtes-d'Armor;22104;Languédias
48.7398955196288, -3.3575391923189737;22;Côtes-d'Armor;22110;Lanmérin
48.44322179655236, -2.7451057245552435;22;Côtes-d'Armor;22176;Plédran
48.55114767248558, -3.445163187208987;22;Côtes-d'Armor;22228;Plounévez-Moëdec
48.609775286003305, -2.400186098696598;22;Côtes-d'Armor;22242;Plurien
47.55716569325688, -2.541060006324297;56;Morbihan;56002;Ambon
47.732777450676636, -2.592960093624691;56;Morbihan;56053;Elven
48.02730310341024, -3.271658418321309;56;Morbihan;56110;Lignol
48.549890858189976, -1.691120521746967;35;Ille-et-Vilaine;35010;Baguer-Pican
48.12039966477695, -1.5972458503417073;35;Ille-et-Vilaine;35051;Cesson-Sévigné
48.06974242186027, -1.2159716374187075;35;Ille-et-Vilaine;35109;Étrelles
47.87259088418468, -1.8887569533413051;35;Ille-et-Vilaine;35155;Lohéac
48.05234962461086, -1.3387029247396556;35;Ille-et-Vilaine;35161;Louvigné-de-Bais
48.243955442979846, -1.7203958059464923;35;Ille-et-Vilaine;35193;Montreuil-le-Gast
48.15115236109369, -1.2425898870442573;35;Ille-et-Vilaine;35194;Montreuil-sous-Pérouse
48.172505049918755, -1.111556875085379;35;Ille-et-Vilaine;35300;Saint-M'Hervé
48.323509655712265, -1.8299439794584789;35;Ille-et-Vilaine;35337;Tinténiac
48.45567754195919, -1.2192774470159629;35;Ille-et-Vilaine;35357;Villamée
48.274461596785976, -4.1076167058104955;29;Finistère;29302;Pont-de-Buis-lès-Quimerch
47.93523952370625, -3.695212815025375;29;Finistère;29004;Bannalec
48.506149690265225, -3.6287837986547244;29;Finistère;29014;Botsorhel
47.89816997127278, -4.082832727881424;29;Finistère;29032;Clohars-Fouesnant
48.21777614260057, -4.166686864651242;29;Finistère;29044;Dinéault
48.40085118131671, -4.26921133774732;29;Finistère;29045;Dirinon
48.44670208782615, -4.463234125883929;29;Finistère;29061;Gouesnou
48.39650638263539, -4.95860984970815;29;Finistère;29084;Île-Molène
48.281224839702475, -4.312661984824064;29;Finistère;29104;Landévennec
48.301668236340326, -4.034668296165992;29;Finistère;29139;Lopérec
48.44370716796157, -4.221167925857598;29;Finistère;29156;Pencran
47.97220404641501, -4.1875241109393455;29;Finistère;29216;Pluguffan
47.849123976536085, -3.6905107071999694;29;Finistère;29236;Riec-sur-Bélon
47.54765744203478, -2.886464038848551;56;Morbihan;56005;Arzon
47.63722433884246, -3.4644761751791946;56;Morbihan;56069;Groix
48.06611191464081, -3.2051833697041263;56;Morbihan;56073;Guémené-sur-Scorff
47.9055067349007, -2.966481981411289;56;Morbihan;56074;Guénin
47.96792156977051, -2.4806362850750405;56;Morbihan;56082;Helléan
47.591963819727845, -2.8997921187499434;56;Morbihan;56106;Larmor-Baden
47.87844284994598, -2.192895885410667;56;Morbihan;56136;Monteneuf
47.47302973813386, -2.4654232649936008;56;Morbihan;56155;Pénestin
47.81404592636183, -2.28506411244851;56;Morbihan;56200;Ruffiac
47.83129040634996, -2.7272304215734207;56;Morbihan;56222;Saint-Jean-Brévelay
47.89919590241829, -2.512034836689277;56;Morbihan;56236;Saint-Servant
47.96263948003823, -2.44267556831762;56;Morbihan;56249;Taupont
47.636953131156666, -2.939218023145027;56;Morbihan;56262;Le Bono
48.404115341161514, -2.7497303856617274;22;Côtes-d'Armor;22281;Saint-Carreuc
48.36187051088316, -2.0544040793248772;22;Côtes-d'Armor;22308;Saint-Juvat
48.49142544779024, -2.0186274562777173;22;Côtes-d'Armor;22327;Saint-Samson-sur-Rance
48.3456874173447, -2.5576675063953207;22;Côtes-d'Armor;22345;Trébry
48.61356896560643, -3.4381657002665205;22;Côtes-d'Armor;22387;Le Vieux-Marché
48.46712529195602, -2.2649305685662817;22;Côtes-d'Armor;22014;Bourseul
48.44062078647692, -3.4755663949139017;22;Côtes-d'Armor;22024;Calanhel
48.18009823823096, -2.4920269673041373;22;Côtes-d'Armor;22062;Gomené
48.42207408910222, -2.541774101454152;22;Côtes-d'Armor;22098;Landéhen
48.63483483497731, -2.9483662165981883;22;Côtes-d'Armor;22177;Pléguien
48.426818874411204, -2.224119382295178;22;Côtes-d'Armor;22180;Plélan-le-Petit
48.5494298690965, -4.289532649173262;29;Finistère;29288;Trégarantec
48.319461337799964, -3.9502985766764875;29;Finistère;29016;Brasparts
48.471187096978994, -4.687127834037883;29;Finistère;29017;Brélès
48.623832019315394, -4.295728583726178;29;Finistère;29064;Goulven
48.53185675701634, -3.587703927159778;29;Finistère;29067;Guerlesquin
48.54314706557307, -3.9798045375770723;29;Finistère;29068;Guiclan
48.43068081836312, -4.3964404319991;29;Finistère;29075;Guipavas
48.61708425764093, -4.411605619883663;29;Finistère;29077;Guissény
48.560967608487516, -4.3826960023339225;29;Finistère;29100;Lanarvily
48.05668867459854, -3.9778274656680614;29;Finistère;29107;Landudal
48.623753872217286, -3.8635049658216465;29;Finistère;29132;Locquénolé
48.600172746985365, -3.820230290300184;29;Finistère;29151;Morlaix
48.55368420875413, -4.07331961037924;29;Finistère;29193;Plougourvest
48.521824143118046, -3.800356241427641;29;Finistère;29207;Plourin-lès-Morlaix
47.98289539329704, -4.409595620065422;29;Finistère;29215;Plozévet
48.28470455026268, -1.8935771677866975;35;Ille-et-Vilaine;35050;Cardroc
48.23539084784159, -1.571414344792969;35;Ille-et-Vilaine;35067;Chasné-sur-Illet
47.90217122331372, -1.2601964724962464;35;Ille-et-Vilaine;35102;Drouges
48.12210406716139, -1.816343492594703;35;Ille-et-Vilaine;35131;L'Hermitage
47.942818393168494, -1.5008217042548893;35;Ille-et-Vilaine;35136;Janzé
48.26119123572668, -2.060997795729424;35;Ille-et-Vilaine;35171;Médréac
48.21264921821098, -1.750675484838395;35;Ille-et-Vilaine;35177;La Mézière
48.305603944104526, -1.6688110108352618;35;Ille-et-Vilaine;35195;Montreuil-sur-Ille
48.30379956003011, -1.843296277109194;35;Ille-et-Vilaine;35258;Saint-Brieuc-des-Iffs
48.620029946915494, -2.096785519080407;35;Ille-et-Vilaine;35287;Saint-Lunaire
48.6386564332079, -1.905853879101373;35;Ille-et-Vilaine;35299;Saint-Méloir-des-Ondes
48.33563642058643, -1.9317864716205941;35;Ille-et-Vilaine;35318;Saint-Thual
47.89317340716374, -3.442755410196712;29;Finistère;29002;Arzano
48.09378616574339, -4.020431759963829;29;Finistère;29020;Briec
48.459764066341506, -3.792460092776704;29;Finistère;29034;Le Cloître-Saint-Thégonnec
47.8871419559671, -4.164161134106372;29;Finistère;29037;Combrit
48.08013693636966, -4.328018989613503;29;Finistère;29046;Douarnenez
48.483723613082184, -4.040465447415244;29;Finistère;29097;Lampaul-Guimiliau
48.127500970380616, -4.23929751807622;29;Finistère;29176;Plonévez-Porzay
48.67741339588434, -3.8117441993924177;29;Finistère;29188;Plougasnou
48.60173440857641, -4.292695500691613;29;Finistère;29198;Plouider
48.55742195774306, -2.293196544819061;22;Côtes-d'Armor;22323;Saint-Pôtan
48.24329965511069, -2.456955340483327;22;Côtes-d'Armor;22333;Saint-Vran
48.791135560533206, -3.2010945470937124;22;Côtes-d'Armor;22347;Trédarzec
48.191345434020995, -2.302331099455107;22;Côtes-d'Armor;22371;Trémorel
48.46614145008935, -3.1998492745005143;22;Côtes-d'Armor;22013;Bourbriac
48.42601578193849, -1.9776790432863975;22;Côtes-d'Armor;22035;Les Champs-Géraux
48.616854697979164, -2.8378636783415674;22;Côtes-d'Armor;22055;Binic-Étables-sur-Mer
48.38491069365288, -1.9800607383794606;22;Côtes-d'Armor;22056;Évran
48.41742839393511, -2.9149768281574744;22;Côtes-d'Armor;22059;Le Fœil
48.215038335689826, -2.5190952972110403;22;Côtes-d'Armor;22122;Laurenan
48.685540104635514, -3.4484114804534305;22;Côtes-d'Armor;22211;Ploubezre
48.49714890248999, -2.925240294524288;22;Côtes-d'Armor;22234;Plouvara
48.08348673581315, -2.4049653661568677;56;Morbihan;56056;Évriguet
47.48718108731061, -2.339652977867133;56;Morbihan;56058;Férel
47.7687942559813, -3.3274296933541865;56;Morbihan;56098;Lanester
47.302152147803476, -3.1053033023452077;56;Morbihan;56114;Locmaria
47.782651014104715, -3.0158710069031223;56;Morbihan;56177;Pluvigner
47.70238787094818, -2.148390402029292;56;Morbihan;56239;Saint-Vincent-sur-Oust
47.82485754860198, -2.497398685678352;56;Morbihan;56244;Sérent
47.70040779589602, -2.9528589698396592;56;Morbihan;56263;Sainte-Anne-d'Auray
48.166811917886925, -2.0835775790376387;35;Ille-et-Vilaine;35027;Boisgervilly
48.13824145402763, -1.910451545037365;35;Ille-et-Vilaine;35040;Breteil
48.6247418029858, -2.062086402017181;35;Ille-et-Vilaine;35093;Dinard
48.11397790627641, -2.0241562248166636;35;Ille-et-Vilaine;35133;Iffendic
48.30953814835501, -1.9411034906786995;35;Ille-et-Vilaine;35156;Longaulnay
48.44149587152473, -1.7327307872197084;35;Ille-et-Vilaine;35159;Lourmais
48.03460846669007, -1.056081623909977;35;Ille-et-Vilaine;35217;Le Pertre
47.927969795330114, -1.6162236966639998;35;Ille-et-Vilaine;35218;Le Petit-Fougeray
48.582681829103976, -2.060106288244273;35;Ille-et-Vilaine;35228;Pleurtuit
47.8989836970104, -1.6860818941533022;35;Ille-et-Vilaine;35231;Poligné
48.6158843649785, -2.1235133068874013;35;Ille-et-Vilaine;35256;Saint-Briac-sur-Mer
48.37610453586513, -1.5664239134957254;35;Ille-et-Vilaine;35309;Saint-Rémy-du-Plain
48.502289590770985, -1.5150621072780759;35;Ille-et-Vilaine;35329;Sougeal
47.848547896109274, -1.4580345179839755;35;Ille-et-Vilaine;35335;Thourie
48.344763833256536, -1.8972282370570666;35;Ille-et-Vilaine;35346;Trimer
48.10582591488604, -3.871582204648712;29;Finistère;29291;Trégourez
48.06146968440684, -3.3732071947699174;56;Morbihan;56048;Le Croisty
48.13184756976042, -3.4812112681866423;56;Morbihan;56100;Langonnet
47.88013020822618, -2.8375421312081484;56;Morbihan;56117;Locminé
48.06903632791677, -3.056520701038632;56;Morbihan;56125;Malguénac
47.67843128549341, -2.9458249937630443;56;Morbihan;56176;Pluneret
47.83935112378915, -3.4196205208909642;56;Morbihan;56179;Pont-Scorff
47.865270438266364, -3.365176418549055;56;Morbihan;56040;Cléguer
48.51024406560141, -2.421403787476828;22;Côtes-d'Armor;22261;Quintenic
48.42252057412616, -3.0064778314205967;22;Côtes-d'Armor;22291;Saint-Gildas
48.552569489421266, -3.0344991184971084;22;Côtes-d'Armor;22304;Saint-Jean-Kerdaniel
48.4544806876825, -2.182546600838218;22;Côtes-d'Armor;22315;Saint-Maudez
48.246377971630956, -2.840952357786138;22;Côtes-d'Armor;22330;Saint-Thélo
48.11585194959232, -2.115548709357491;35;Ille-et-Vilaine;35026;Bléruais
47.951365065545936, -1.5505641619247028;35;Ille-et-Vilaine;35041;Brie
48.19332401145025, -1.3799025561590517;35;Ille-et-Vilaine;35101;Dourdain
48.21331706172669, -1.7990054643715325;35;Ille-et-Vilaine;35120;Gévezé
48.37969385527992, -1.1528904591638076;35;Ille-et-Vilaine;35138;Laignelet
47.91752457260718, -1.2794087675472177;35;Ille-et-Vilaine;35199;Moussé
48.46597819707766, -1.256584978968836;35;Ille-et-Vilaine;35230;Poilley
48.05682234399225, -2.0645269259210486;35;Ille-et-Vilaine;35305;Saint-Péran
48.11767166084482, -1.7492456301085477;35;Ille-et-Vilaine;35353;Vezin-le-Coquet
48.11411110392002, -1.1934825616829488;35;Ille-et-Vilaine;35360;Vitré
48.49410497493759, -2.5510433254576497;22;Côtes-d'Armor;22002;Andel
48.46832061079392, -2.9849252040192678;22;Côtes-d'Armor;22011;Boqueho
48.64929062701858, -3.227795253843802;22;Côtes-d'Armor;22018;Brélidy
48.40509142929895, -2.025985496611696;22;Côtes-d'Armor;22026;Calorguen
48.30991342390647, -3.037664422933633;22;Côtes-d'Armor;22047;Corlay
48.288071874347686, -3.410398312983865;22;Côtes-d'Armor;22137;Maël-Carhaix
48.193666253812545, -2.3962263250940814;22;Côtes-d'Armor;22147;Merdrignac
48.249932901208375, -2.391016176335452;22;Côtes-d'Armor;22148;Mérillac
48.20148379493991, -2.9579644187448335;22;Côtes-d'Armor;22158;Guerlédan
48.3633623991001, -3.2850971954653323;22;Côtes-d'Armor;22169;Peumerit-Quintin
48.59482857983857, -2.3335886850339618;22;Côtes-d'Armor;22174;Pléboulle
48.468676894060096, -2.3716237728696155;22;Côtes-d'Armor;22175;Plédéliac
48.24037676760562, -2.8979149686613312;22;Côtes-d'Armor;22260;Le Quillio
48.391153831609444, -3.852120077831934;29;Finistère;29054;La Feuillée
48.41910761330982, -4.562254932280249;29;Finistère;29069;Guilers
48.43704686558675, -4.169956269532001;29;Finistère;29144;La Martyre
47.81233052276366, -4.341450919809526;29;Finistère;29158;Penmarch
47.935833589390114, -4.15009510373057;29;Finistère;29170;Plomelin
48.537582319699936, -4.6697345611895695;29;Finistère;29178;Ploudalmézeau
48.04015419009224, -4.326541284120877;29;Finistère;29224;Pouldergat
47.856152094565374, -3.555022112400577;29;Finistère;29233;Quimperlé
48.61584518217856, -3.2429792563607864;22;Côtes-d'Armor;22310;Saint-Laurent
48.487864499900226, -2.0542220825272572;22;Côtes-d'Armor;22339;Taden
48.46571474215161, -3.4399666603374586;22;Côtes-d'Armor;22037;La Chapelle-Neuve
48.637650509074476, -3.2048713656243346;22;Côtes-d'Armor;22095;Landebaëron
48.601615150300745, -2.2901490021441537;22;Côtes-d'Armor;22143;Matignon
48.35828488139576, -2.633834275073219;22;Côtes-d'Armor;22153;Moncontour
48.81700826489818, -3.301898392456582;22;Côtes-d'Armor;22166;Penvénan
48.285371578031594, -3.24079164125249;22;Côtes-d'Armor;22229;Plounévez-Quintin
48.35648212102285, -2.115087696133466;22;Côtes-d'Armor;22239;Plumaudan
48.24543099765484, -2.2308622835043583;22;Côtes-d'Armor;22240;Plumaugat
48.69979623594092, -3.1591538791565714;22;Côtes-d'Armor;22250;Pontrieux
48.375417872633165, -2.96712057246496;22;Côtes-d'Armor;22276;Saint-Bihy
48.2664014945255, -2.178668219985802;22;Côtes-d'Armor;22305;Saint-Jouan-de-l'Isle
48.366928813953095, -4.201410807644828;29;Finistère;29086;Irvillac
48.58916524739115, -4.57675680630691;29;Finistère;29101;Landéda
48.10057890067153, -3.7785032101202103;29;Finistère;29125;Leuhan
47.806298657338104, -3.645596039415908;29;Finistère;29150;Moëlan-sur-Mer
48.52304886903614, -4.313790072614656;29;Finistère;29179;Ploudaniel
47.961160213664726, -4.3638563976131906;29;Finistère;29225;Pouldreuzic
47.85540573677962, -3.4870644099357286;29;Finistère;29234;Rédené
48.44396511019734, -1.1096719466145948;35;Ille-et-Vilaine;35018;La Bazouge-du-Désert
48.346757745802186, -1.155558321320474;35;Ille-et-Vilaine;35021;Beaucé
48.0674377367923, -1.4062201329912196;35;Ille-et-Vilaine;35096;Domagné
48.35276718322625, -1.1944135772968316;35;Ille-et-Vilaine;35115;Fougères
48.25038062935976, -1.4586632867491638;35;Ille-et-Vilaine;35121;Gosné
47.92342051419802, -1.861984115368674;35;Ille-et-Vilaine;35127;Guignen
48.35987469826374, -1.2210261111294776;35;Ille-et-Vilaine;35150;Lécousse
48.4006355517509, -1.3457276180254811;35;Ille-et-Vilaine;35257;Maen Roch
47.910001473653764, -1.7900153160392098;35;Ille-et-Vilaine;35312;Saint-Senoux
48.280270451880995, -1.8031497826557576;35;Ille-et-Vilaine;35317;Saint-Symphorien
47.523495299753975, -2.4793785331757707;56;Morbihan;56018;Billiers
47.47762243008124, -2.3986933068284566;56;Morbihan;56030;Camoël
48.0389554147166, -2.764997915237353;56;Morbihan;56047;Crédin
48.00158379181695, -2.503986676988169;56;Morbihan;56068;La Grée-Saint-Laurent
48.04277072023759, -3.623328046984369;56;Morbihan;56081;Guiscriff
47.86442252308834, -2.5202256465911703;56;Morbihan;56112;Lizio
47.75071301573847, -3.378920874280433;56;Morbihan;56121;Lorient
47.68638203395812, -2.2995056184155915;56;Morbihan;56123;Malansac
47.65952820825363, -3.0715583479256647;56;Morbihan;56161;Ploemel
47.72780536638552, -2.922868931598799;56;Morbihan;56175;Plumergat
48.055586046532774, -3.4350791454637206;56;Morbihan;56182;Priziac
47.87082503330259, -2.431661683383462;56;Morbihan;56197;Val d'Oust
48.26815074995694, -4.586871402544252;29;Finistère;29022;Camaret-sur-Mer
48.2029550902763, -4.073744375880054;29;Finistère;29026;Châteaulin
48.188821339429424, -3.8208583033939227;29;Finistère;29027;Châteauneuf-du-Faou
48.324254487392075, -4.2388133557759415;29;Finistère;29080;Hôpital-Camfrout
48.46635819950866, -4.634545220768509;29;Finistère;29119;Lanrivoaré
48.21979760019313, -3.562673865944389;29;Finistère;29152;Motreff
47.91484621756746, -4.046040349143941;29;Finistère;29161;Pleuven
48.21780102241249, -4.081891745393643;29;Finistère;29222;Port-Launay
48.02898111578937, -4.60524582085726;29;Finistère;29228;Primelin
48.67261399484696, -3.9889649514467895;29;Finistère;29259;Saint-Pol-de-Léon
48.426043886661304, -4.624003302341501;29;Finistère;29260;Saint-Renan
47.34273429458029, -3.1709176899174105;56;Morbihan;56152;Le Palais
47.6639367378623, -2.436508004592603;56;Morbihan;56184;Questembert
47.622136914307184, -2.7256573133532584;56;Morbihan;56243;Séné
47.782988933049744, -2.5839695865792764;56;Morbihan;56254;Trédion
47.659813652734925, -2.7570920082373913;56;Morbihan;56260;Vannes
47.6338754295188, -2.822766188601684;56;Morbihan;56003;Arradon
47.7093568711551, -3.024141482094121;56;Morbihan;56023;Brech
47.608567559914185, -3.069971633151609;56;Morbihan;56034;Carnac
47.58078600008399, -2.6908809432970564;56;Morbihan;56084;Le Hézo
48.12100982810686, -3.2332287847259904;56;Morbihan;56099;Langoëlan
47.7639395290285, -2.758140173118313;56;Morbihan;56120;Locqueltas
48.771017043640185, -3.5580091279400636;22;Côtes-d'Armor;22343;Trébeurden
47.99496011515991, -1.9294063847538778;35;Ille-et-Vilaine;35016;Baulon
47.98862388712728, -1.6223991612889899;35;Ille-et-Vilaine;35032;Bourgbarré
48.04492350696027, -1.7064516656360236;35;Ille-et-Vilaine;35066;Chartres-de-Bretagne
48.44064614594325, -1.656344059125251;35;Ille-et-Vilaine;35092;Cuguen
48.486613019908745, -1.2942127683040119;35;Ille-et-Vilaine;35111;Le Ferré
47.85191925409779, -1.92967717636341;35;Ille-et-Vilaine;35151;Lieuron
47.888673808518696, -1.6428361004605478;35;Ille-et-Vilaine;35212;Pancé
47.811361304044496, -1.9372965526785553;35;Ille-et-Vilaine;35219;Pipriac
48.48772160693331, -1.6037968840587815;35;Ille-et-Vilaine;35339;Trans-la-Forêt
48.25694634287076, -1.7636273940686726;35;Ille-et-Vilaine;35356;Vignoc
48.41461576165647, -2.0974341309190154;22;Côtes-d'Armor;22008;Bobital
48.40610977170293, -2.326899750070944;22;Côtes-d'Armor;22084;Jugon-les-Lacs
48.359078803487385, -3.215236306567682;22;Côtes-d'Armor;22115;Lanrivain
48.53038727713945, -2.989574473485287;22;Côtes-d'Armor;22206;Châtelaudren-Plouagat
48.23416976040906, -3.2473071374026845;22;Côtes-d'Armor;22220;Plouguernével
47.96262010750973, -2.277924981820969;56;Morbihan;56032;Campénéac
47.85579450250145, -2.93397995834822;56;Morbihan;56039;La Chapelle-Neuve
47.99237994979548, -2.384305871875876;56;Morbihan;56122;Loyat
47.72395754978962, -2.7738628523179605;56;Morbihan;56132;Meucon
47.5644859115809, -2.713019387361542;56;Morbihan;56205;Saint-Armel
47.77943318180255, -2.5022988615517403;56;Morbihan;56219;Saint-Guyomard
48.091182728513246, -2.2637386009878937;56;Morbihan;56225;Saint-Léry
47.589989907153516, -3.0363233554844227;56;Morbihan;56258;La Trinité-sur-Mer
48.66983686509369, -3.1374360172938354;22;Côtes-d'Armor;22283;Saint-Clet
48.44238852383879, -2.2570287304713066;22;Côtes-d'Armor;22317;Saint-Méloir-des-Bois
48.322747608871424, -3.1643533662853915;22;Côtes-d'Armor;22321;Saint-Nicolas-du-Pélem
48.48253156312096, -3.0907309023369103;22;Côtes-d'Armor;22322;Saint-Péver
48.604910145622725, -3.6178954777311847;22;Côtes-d'Armor;22366;Trémel
48.7832070650471, -3.3154023929294625;22;Côtes-d'Armor;22028;Camlez
48.544781542331755, -3.1824290792102907;22;Côtes-d'Armor;22067;Grâces
48.53792668096101, -2.4478386890533526;22;Côtes-d'Armor;22077;Hénansal
48.14444310436233, -2.336130932655529;22;Côtes-d'Armor;22083;Illifaut
48.73687170732632, -3.0314775082213297;22;Côtes-d'Armor;22086;Kerfot
48.509790586279045, -3.4097689488209104;22;Côtes-d'Armor;22129;Loc-Envel
48.561118148300984, -3.3409028444766324;22;Côtes-d'Armor;22135;Louargat
48.451111692186544, -2.4637973567577154;22;Côtes-d'Armor;22160;Noyal
48.50951544309431, -1.9412624801936378;22;Côtes-d'Armor;22197;Pleudihen-sur-Rance
48.71683177824035, -3.1808589207836055;22;Côtes-d'Armor;22204;Ploëzal
48.68202883059129, -2.931517174565538;22;Côtes-d'Armor;22222;Plouha
48.718037956613536, -3.500172435990223;22;Côtes-d'Armor;22224;Ploulec'h
48.41850510629578, -3.5517448855804483;22;Côtes-d'Armor;22231;Plourac'h
48.66623575223378, -2.986204337744563;22;Côtes-d'Armor;22236;Pludual
48.610934256721144, -3.5724334146423677;22;Côtes-d'Armor;22238;Plufur
48.2782231526076, -3.0655453547562916;22;Côtes-d'Armor;22244;Plussulien
48.69995953420054, -3.108932114402417;22;Côtes-d'Armor;22256;Quemper-Guézennec
48.4427800195455, -3.5945040897576557;29;Finistère;29012;Bolazec
48.65265646259037, -4.330026301718726;29;Finistère;29021;Plounéour-Brignogan-plages
48.506020855819415, -4.5397719977914175;29;Finistère;29035;Coat-Méal
48.553746506278976, -4.647871865751587;29;Finistère;29099;Lampaul-Ploudalmézeau
48.498179864794736, -3.665268595146401;29;Finistère;29114;Lannéanou
48.475723095066506, -4.092368553481046;29;Finistère;29128;Loc-Eguiner
47.8250080388282, -4.187716209185317;29;Finistère;29135;Loctudy
48.46073783006469, -5.08600138882629;29;Finistère;29155;Ouessant
48.23806529764443, -3.975576007013348;29;Finistère;29162;Pleyben
48.18095314958231, -4.217323897912878;29;Finistère;29172;Plomodiern
48.71197473807686, -3.9886850107195486;29;Finistère;29239;Roscoff
48.475284354025746, -1.661158544649374;35;Ille-et-Vilaine;35044;Broualan
47.89071922130091, -2.0560380850975495;35;Ille-et-Vilaine;35046;Les Brulais
48.0820254003614, -1.6038647846199452;35;Ille-et-Vilaine;35055;Chantepie
48.29244715061501, -1.723622895613564;35;Ille-et-Vilaine;35128;Guipel
48.247668314149585, -2.008432436445526;35;Ille-et-Vilaine;35143;Landujan
48.1261161434467, -1.9639345184295152;35;Ille-et-Vilaine;35188;Montfort-sur-Meu
48.1880715437502, -1.8291188225841772;35;Ille-et-Vilaine;35216;Parthenay-de-Bretagne
48.609214414462805, -2.0437149492683195;35;Ille-et-Vilaine;35241;La Richardais
48.596239897299675, -1.5931992031261517;35;Ille-et-Vilaine;35247;Roz-sur-Couesnon
48.16947558230001, -2.1556775354042856;35;Ille-et-Vilaine;35302;Saint-Onen-la-Chapelle
48.5841256650766, -1.929248121761322;35;Ille-et-Vilaine;35306;Saint-Père-Marc-en-Poulet
47.60273636562616, -2.2442414016131775;56;Morbihan;56011;Béganne
47.963765107231076, -2.5110350364629657;56;Morbihan;56050;La Croix-Helléan
47.63706473892732, -3.1561586506590404;56;Morbihan;56054;Erdeven
47.590968492306395, -2.399740715698938;56;Morbihan;56077;Le Guerno
47.91735560263944, -2.3799161293791484;56;Morbihan;56165;Ploërmel
47.6611588818021, -2.897916011970352;56;Morbihan;56167;Plougoumelen
47.69863422641511, -2.6659511688309054;56;Morbihan;56231;Saint-Nolff
47.522657330469094, -3.138489953257468;56;Morbihan;56234;Saint-Pierre-Quiberon
48.102464594065424, -3.1517318372524654;56;Morbihan;56242;Séglien
48.00845467578489, -3.3290863875385863;56;Morbihan;56264;Kernascléden
48.29150283144146, -3.771339346619694;29;Finistère;29036;Collorec
48.02537738841695, -4.2695900628292165;29;Finistère;29065;Gourlizon
48.48167353539161, -3.997089830041908;29;Finistère;29074;Guimiliau
47.85368984962777, -4.160682693777692;29;Finistère;29085;Île-Tudy
47.92400600666529, -3.4855835159260575;29;Finistère;29136;Locunolé
47.8985632538431, -3.587911742183202;29;Finistère;29147;Mellac
47.977414993882434, -4.2637804082560535;29;Finistère;29167;Plogastel-Saint-Germain
48.48285319960529, -4.2527271618386395;29;Finistère;29181;Plouédern
48.29765717845717, -1.5958140874051243;35;Ille-et-Vilaine;35003;Andouillé-Neuville
48.312947500624276, -1.8966169156764674;35;Ille-et-Vilaine;35017;La Baussaine
48.44063188554587, -1.563598386619256;35;Ille-et-Vilaine;35019;Bazouges-la-Pérouse
47.921454498039566, -1.7222911361365694;35;Ille-et-Vilaine;35033;Bourg-des-Comptes
48.38167275542124, -1.8180490445944262;35;Ille-et-Vilaine;35056;La Chapelle-aux-Filtzméens
48.21577942205229, -1.9935190861582797;35;Ille-et-Vilaine;35060;La Chapelle du Lou du Lac
48.056321999554854, -1.7865485555526568;35;Ille-et-Vilaine;35076;Chavagne
48.26624655642658, -1.2644591815512451;35;Ille-et-Vilaine;35086;Combourtillé
48.11849227702529, -2.228619220252467;35;Ille-et-Vilaine;35117;Gaël
47.734207580870034, -1.728304575925691;35;Ille-et-Vilaine;35124;Grand-Fougeray
47.96534796477551, -1.7902098233955697;35;Ille-et-Vilaine;35126;Guichen
48.00878165450204, -1.362901013870492;35;Ille-et-Vilaine;35198;Moulins
47.98521340354542, -1.6657663932979176;35;Ille-et-Vilaine;35208;Orgères
48.23755185094209, -1.1058560885692104;35;Ille-et-Vilaine;35232;Princé
47.7698240986416, -1.891042957420449;35;Ille-et-Vilaine;35268;Saint-Ganton
48.26812837539284, -1.8253709079345006;35;Ille-et-Vilaine;35276;Saint-Gondran
48.12118832020811, -1.3397883210165715;35;Ille-et-Vilaine;35283;Saint-Jean-sur-Vilaine
48.09117072197027, -1.9261355341713093;35;Ille-et-Vilaine;35331;Talensac
48.32624169771798, -2.9213545296739416;22;Côtes-d'Armor;22009;Le Bodéo
48.31131192288653, -2.2409231184102447;22;Côtes-d'Armor;22020;Broons
48.7679732173215, -3.259390093495907;22;Côtes-d'Armor;22152;Minihy-Tréguier
48.5540365817355, -2.9276114233388237;22;Côtes-d'Armor;22182;Plélo
48.800469646874966, -3.151540920684789;22;Côtes-d'Armor;22199;Pleumeur-Gautier
48.40593968834034, -2.162912929257299;22;Côtes-d'Armor;22342;Trébédan
48.45524442271936, -3.052646449276801;22;Côtes-d'Armor;22289;Saint-Fiacre
48.442756624027034, -2.420467597223518;22;Côtes-d'Armor;22326;Saint-Rieul
48.26576439236164, -3.169668269937842;22;Côtes-d'Armor;22331;Sainte-Tréphine
48.6593111264371, -3.055159337958461;22;Côtes-d'Armor;22378;Trévérec
48.588844088813886, -4.146283030998401;29;Finistère;29271;Saint-Vougay
48.25087343243222, -1.2279119961226739;35;Ille-et-Vilaine;35192;Montreuil-des-Landes
47.734162119142376, -1.8051525743159136;35;Ille-et-Vilaine;35249;Sainte-Anne-sur-Vilaine
48.16699659038882, -2.032800711301364;35;Ille-et-Vilaine;35320;Saint-Uniac
48.353174401247955, -2.5212768301020363;22;Côtes-d'Armor;22296;Saint-Glen
48.365029012625335, -2.223155357652727;22;Côtes-d'Armor;22348;Trédias
48.600294369291674, -2.9427837937593764;22;Côtes-d'Armor;22361;Tréguidel
48.67136101756008, -3.03217825848345;22;Côtes-d'Armor;22370;Tréméven
48.68215456074493, -3.3524096713925564;22;Côtes-d'Armor;22034;Cavan
48.364888158360685, -3.436003914924763;22;Côtes-d'Armor;22052;Duault
48.23557643640287, -3.1955906946679757;22;Côtes-d'Armor;22064;Gouarec
48.157236237898246, -2.850013769833973;22;Côtes-d'Armor;22075;Hémonstoir
48.502995294821886, -2.6462131760070013;22;Côtes-d'Armor;22081;Hillion
48.49956508747752, -3.0433156865257875;22;Côtes-d'Armor;22116;Lanrodec
48.50442394473271, -2.846723598380565;22;Côtes-d'Armor;22144;La Méaugon
48.77341237427662, -3.0547770418859117;22;Côtes-d'Armor;22162;Paimpol
48.61949008013532, -3.483272137839892;22;Côtes-d'Armor;22207;Plouaret
48.804943058278226, -3.2446560431653406;22;Côtes-d'Armor;22221;Plouguiel
48.66034559095374, -4.124319206412822;29;Finistère;29030;Cléder
47.896435981192745, -3.9071513793560153;29;Finistère;29039;Concarneau
48.25300420218527, -3.7327951041798424;29;Finistère;29102;Landeleau
48.45110778868429, -4.264152882864628;29;Finistère;29103;Landerneau
48.57328848849654, -3.7022202573445995;29;Finistère;29199;Plouigneau
47.89187231728197, -2.6517329622327597;56;Morbihan;56071;Guéhenno
48.082675254589866, -2.30488412850214;56;Morbihan;56127;Mauron
48.063249622293256, -2.494915427060074;56;Morbihan;56134;Mohon
47.88592081355021, -2.4124209411925968;56;Morbihan;56139;Montertelot
47.55502560521471, -2.473644827437379;56;Morbihan;56143;Muzillac
47.540561725281044, -2.2494579097292977;56;Morbihan;56147;Nivillac
47.98629313245643, -2.7712503114044647;56;Morbihan;56190;Réguiny
47.69896173883659, -2.3444262448221584;56;Morbihan;56196;Rochefort-en-Terre
47.92686711039739, -3.040579741344012;56;Morbihan;56207;Saint-Barthélemy
48.03838434382862, -2.9948429016233993;56;Morbihan;56246;Le Sourn
47.56910676178286, -2.6271913749077926;56;Morbihan;56248;Surzur
47.804975811831454, -4.26009056247007;29;Finistère;29284;Treffiagat
47.88858678599208, -3.6570293688059947;29;Finistère;29300;Le Trévoux
47.82336434613855, -2.131028165665454;56;Morbihan;56033;Carentoir
47.760816765921426, -2.8478131152783255;56;Morbihan;56067;Grand-Champ
47.339889888662, -2.8753678365989876;56;Morbihan;56085;Hœdic
47.97277877122732, -2.9925339103473383;56;Morbihan;56173;Pluméliau-Bieuzy
47.605817801029794, -2.1256966107187445;56;Morbihan;56194;Rieux
47.90835139995338, -2.7361819755634085;56;Morbihan;56204;Saint-Allouestre
48.12582534886036, -2.821060725817409;56;Morbihan;56215;Saint-Gonnery
48.00979169793487, -1.8390688459781963;35;Ille-et-Vilaine;35123;Goven
47.66121677716608, -2.080163096315868;35;Ille-et-Vilaine;35236;Redon
48.580120704277945, -1.661163473535528;35;Ille-et-Vilaine;35259;Saint-Broladre
48.604497609140765, -3.8991030319172117;29;Finistère;29279;Taulé
47.83821373494853, -3.8410619959153665;29;Finistère;29293;Trégunc
47.87555375485843, -3.0307099983174473;56;Morbihan;56010;Baud
48.0487271042869, -3.5087308396441728;56;Morbihan;56057;Le Faouët
48.091605297488854, -2.8104604382610545;56;Morbihan;56072;Gueltas
47.71595596230368, -3.3916413086225505;56;Morbihan;56107;Larmor-Plage
47.58787837716465, -3.00079923142119;56;Morbihan;56233;Saint-Philibert
48.561815546029436, -2.3352456790830622;22;Côtes-d'Armor;22268;Ruca
48.27739267784361, -3.1144886899529576;22;Côtes-d'Armor;22334;Saint-Igeaux
48.216250324759606, -2.807523428832321;22;Côtes-d'Armor;22376;Trévé
48.75438431411275, -3.361107047764407;22;Côtes-d'Armor;22381;Trézény
48.50486664150201, -1.7716881536540086;35;Ille-et-Vilaine;35009;Baguer-Morvan
48.177905964758736, -1.1832423280670892;35;Ille-et-Vilaine;35015;Balazé
48.025913217225295, -1.7485061399065818;35;Ille-et-Vilaine;35047;Bruz
47.85485770094006, -1.2435247407855508;35;Ille-et-Vilaine;35077;Chelun
48.20413216246477, -1.5143753230436945;35;Ille-et-Vilaine;35152;Liffré
48.4867985675941, -1.1234790001978698;35;Ille-et-Vilaine;35162;Louvigné-du-Désert
48.512338496445295, -1.1758867054555608;35;Ille-et-Vilaine;35190;Monthault
48.34454262393609, -1.262507054726637;35;Ille-et-Vilaine;35243;Romagné
48.613511745345676, -1.8610522192468053;35;Ille-et-Vilaine;35255;Saint-Benoît-des-Ondes
47.86784038522282, -1.8054028101735835;35;Ille-et-Vilaine;35289;Saint-Malo-de-Phily
48.57052970461543, -1.9672781051274861;35;Ille-et-Vilaine;35314;Saint-Suliac
47.89802497825739, -1.60629956887909;35;Ille-et-Vilaine;35322;Le Sel-de-Bretagne
48.45147352827626, -2.9467183677877835;22;Côtes-d'Armor;22045;Cohiniac
48.55798404647853, -2.381554908505979;22;Côtes-d'Armor;22076;Hénanbihen
48.515180464964274, -2.337312105064261;22;Côtes-d'Armor;22096;Landébia
48.223996028900316, -3.123601388977203;22;Côtes-d'Armor;22107;Bon Repos sur Blavet
48.604206339182014, -2.8988006689345998;22;Côtes-d'Armor;22117;Lantic
48.80343680465705, -3.109062725836568;22;Côtes-d'Armor;22127;Lézardrieux
48.49128434115146, -2.3211902889547233;22;Côtes-d'Armor;22200;Pléven
48.725720882511204, -3.336658804538417;22;Côtes-d'Armor;22257;Quemperven
48.46300172694678, -2.0857854971630276;22;Côtes-d'Armor;22259;Quévert
48.593981073886454, -4.344599252165043;29;Finistère;29094;Kernouës
48.45022373991974, -4.057920780623325;29;Finistère;29131;Locmélar
48.09808247011511, -4.213159629376257;29;Finistère;29134;Locronan
48.55649486797537, -4.128531430218059;29;Finistère;29187;Plougar
48.60341965683334, -4.490944935197961;29;Finistère;29195;Plouguerneau
47.87221336540582, -3.765728130245548;29;Finistère;29217;Pont-Aven
48.118063530532716, -4.143925818894822;29;Finistère;29229;Quéménéven
48.18221974219988, -4.066883108447141;29;Finistère;29243;Saint-Coulitz
48.15165435411844, -3.7659024769082086;29;Finistère;29249;Saint-Goazec
48.67002698434251, -3.7628680194593773;29;Finistère;29251;Saint-Jean-du-Doigt
48.781533179693625, -3.4497148782345137;22;Côtes-d'Armor;22324;Saint-Quay-Perros
48.388871430691424, -2.0681624638529756;22;Côtes-d'Armor;22380;Trévron
48.39398952757658, -2.117702528013565;22;Côtes-d'Armor;22021;Brusvily
48.21724561201957, -3.039756388323664;22;Côtes-d'Armor;22033;Caurel
48.13413992879994, -2.66248453321529;22;Côtes-d'Armor;22039;La Chèze
48.637393629577176, -3.0478214611086005;22;Côtes-d'Armor;22063;Gommenec'h
48.34601944912991, -2.9687827470942216;22;Côtes-d'Armor;22073;La Harmoye
48.441565954939556, -3.126098611824184;22;Côtes-d'Armor;22189;Plésidy
48.56737669717271, -2.830211081088653;22;Côtes-d'Armor;22251;Pordic
48.495755138424094, -4.50003045399556;29;Finistère;29015;Bourg-Blanc
48.35581020789005, -4.263891208363922;29;Finistère;29043;Daoulas
48.00786090012379, -3.9025421950941364;29;Finistère;29049;Elliant
47.943410694230884, -3.4261176626878007;29;Finistère;29071;Guilligomarc'h
48.361687457613684, -3.7584834844122184;29;Finistère;29081;Huelgoat
48.745687273655065, -4.014964811181948;29;Finistère;29082;Île-de-Batz
48.03828667399717, -4.857115772787123;29;Finistère;29083;Île-de-Sein
48.647789822850825, -4.378660820202829;29;Finistère;29091;Kerlouan
48.2894425317954, -3.902772708828803;29;Finistère;29115;Lannédern
48.072804741106935, -4.158669702259817;29;Finistère;29169;Plogonnec
48.66553165387689, -4.180112643273047;29;Finistère;29185;Plouescat
48.01422335635547, -4.485638810963973;29;Finistère;29197;Plouhinec
48.61968714804501, -4.198629121314788;29;Finistère;29206;Plounévez-Lochrist
47.86518510033503, -4.216779264849821;29;Finistère;29220;Pont-l'Abbé
47.997098062270894, -4.091098521510396;29;Finistère;29232;Quimper
47.956750012635574, -3.619963967575167;29;Finistère;29269;Saint-Thurien
48.547561658543934, -4.547504654190292;29;Finistère;29290;Tréglonou
47.909598897267045, -4.341089279601158;29;Finistère;29298;Tréogat
48.55472352746748, -2.5087568336430603;22;Côtes-d'Armor;22273;Saint-Alban
48.41921926777833, -2.0551012123403662;22;Côtes-d'Armor;22280;Saint-Carné
48.264035989606086, -3.015630026934005;22;Côtes-d'Armor;22316;Saint-Mayeux
48.654791763935656, -3.566579965559253;22;Côtes-d'Armor;22350;Tréduder
48.48032442317931, -2.745097817749216;22;Côtes-d'Armor;22360;Trégueux
48.05401321365994, -4.656168731474595;29;Finistère;29028;Cléden-Cap-Sizun
48.35842564114117, -4.785348725132085;29;Finistère;29040;Le Conquet
48.679214133229294, -3.7060273858467134;29;Finistère;29073;Guimaëc
48.07417082150882, -3.9164610772232744;29;Finistère;29110;Langolen
48.579931585671595, -4.312933724793882;29;Finistère;29124;Lesneven
48.328566992568575, -4.288585040379255;29;Finistère;29137;Logonna-Daoulas
48.53947268202248, -4.465369706954327;29;Finistère;29209;Plouvien
48.576884031834155, -4.0221810729086;29;Finistère;29210;Plouvorn
48.31905101378226, -4.558353177823428;29;Finistère;29238;Roscanvel
47.958175435760594, -3.800743293031348;29;Finistère;29241;Rosporden
47.927056401327846, -1.2949717465080743;35;Ille-et-Vilaine;35005;Arbrissel
48.15400479128792, -1.7170279751846915;35;Ille-et-Vilaine;35189;Montgermont
48.11503919054396, -1.2591364617618237;35;Ille-et-Vilaine;35229;Pocé-les-Bois
48.34137011267515, -1.4514324958928626;35;Ille-et-Vilaine;35261;Saint-Christophe-de-Valains
47.895369410241635, -1.4575126195858843;35;Ille-et-Vilaine;35262;Sainte-Colombe
47.76443676476582, -1.969131139990741;35;Ille-et-Vilaine;35285;Saint-Just
48.06581856617977, -1.9363080457080253;35;Ille-et-Vilaine;35351;Le Verger
48.48303302788376, -2.1663087926283544;22;Côtes-d'Armor;22048;Corseul
48.290858390709175, -2.102006426579971;22;Côtes-d'Armor;22071;Guitté
48.58175740786484, -3.075000469662988;22;Côtes-d'Armor;22150;Le Merzer
48.37127054936064, -2.4942661296116597;22;Côtes-d'Armor;22165;Penguily
48.44330686250468, -2.859141354483835;22;Côtes-d'Armor;22170;Plaine-Haute
47.63932253698999, -2.177336657660106;56;Morbihan;56001;Allaire
47.88231904648952, -2.8874564475062847;56;Morbihan;56174;Plumelin
47.78433306952461, -3.4185261587714644;56;Morbihan;56185;Quéven
47.81159208007341, -2.41689887015053;56;Morbihan;56228;Saint-Marcel
47.91250537632371, -2.2676421931309756;56;Morbihan;56006;Augan
47.88040283037715, -3.3121448653432695;56;Morbihan;56029;Calan
48.043261307904494, -2.837351794298286;56;Morbihan;56092;Kerfourn
47.61141704615586, -2.5561443830825548;56;Morbihan;56109;Lauzach
47.63605693441387, -2.3619745054268098;56;Morbihan;56111;Limerzel
47.692458873457866, -3.2332746007830924;56;Morbihan;56169;Plouhinec
48.60300705610042, -1.887278840515235;35;Ille-et-Vilaine;35122;La Gouesnière
47.733735525734964, -1.8718393359591181;35;Ille-et-Vilaine;35145;Langon
48.575903468742474, -2.0131303418061766;35;Ille-et-Vilaine;35181;Le Minihic-sur-Rance
48.38773820836932, -1.528374725461777;35;Ille-et-Vilaine;35242;Rimou
48.138232645362876, -2.702076853457908;22;Côtes-d'Armor;22275;Saint-Barnabé
48.465809598511285, -2.8865220247531798;22;Côtes-d'Armor;22287;Saint-Donan
48.36276028644149, -1.9540576509609984;22;Côtes-d'Armor;22306;Saint-Judoce
48.35407894472967, -3.3398443466795644;22;Côtes-d'Armor;22320;Saint-Nicodème
48.81720640789529, -3.5073250888119487;22;Côtes-d'Armor;22353;Trégastel
48.34906512233677, -2.1705271693088832;22;Côtes-d'Armor;22391;Yvignac-la-Tour
48.49496085228286, -4.601873962139421;29;Finistère;29299;Tréouergat
48.3768560390799, -3.922713555944506;29;Finistère;29013;Botmeur
48.06593992425383, -3.855077686186193;29;Finistère;29041;Coray
48.56627496534868, -4.352318033089235;29;Finistère;29055;Le Folgoët
48.05842125444981, -4.592585202487077;29;Finistère;29063;Goulien
47.800371610906396, -4.285929875685125;29;Finistère;29072;Guilvinec
48.4650492020598, -4.567909087200272;29;Finistère;29076;Milizac-Guipronvel
48.48194475014225, -4.732948942685772;29;Finistère;29112;Lanildut
48.55475750467601, -4.258825010193796;29;Finistère;29255;Saint-Méen
47.836985082808795, -3.147861392142627;56;Morbihan;56101;Languidic
48.00429981344519, -3.531712885772973;56;Morbihan;56105;Lanvénégen
47.70203137705327, -3.109563225112103;56;Morbihan;56119;Locoal-Mendon
47.54139289293356, -2.353511613999427;56;Morbihan;56126;Marzan
48.121784769799156, -2.971978412562673;56;Morbihan;56146;Neulliac
47.92000293061984, -2.1935565041961227;56;Morbihan;56180;Porcaro
48.03246052496496, -3.3514178135578465;56;Morbihan;56210;Saint-Caradec-Trégomel
48.84999753399896, -3.0020099584464472;22;Côtes-d'Armor;22016;Île-de-Bréhat
48.70966609506934, -2.968620705247752;22;Côtes-d'Armor;22109;Lanloup
48.78340809955394, -3.4120568265797586;22;Côtes-d'Armor;22134;Louannec
48.46360846668484, -2.3010423354649867;22;Côtes-d'Armor;22205;Plorec-sur-Arguenon
48.56046648898241, -2.1365246980572077;22;Côtes-d'Armor;22209;Beaussais-sur-Mer
48.01220240599772, -4.007881523773466;29;Finistère;29051;Ergué-Gabéric
48.60384903724015, -3.766570282904476;29;Finistère;29059;Garlan
48.329907605582925, -4.139715476470275;29;Finistère;29078;Hanvec
48.08963265088694, -4.074997079023522;29;Finistère;29106;Landrévarzec
48.656284429797005, -4.04193149230964;29;Finistère;29192;Plougoulm
48.31211062693353, -3.5746417872895093;29;Finistère;29205;Plounévézel
48.32066342999453, -3.734425058186254;29;Finistère;29211;Plouyé
48.40322052215855, -4.401240130002044;29;Finistère;29235;Le Relecq-Kerhuon
48.54460394010847, -4.186616308437929;29;Finistère;29244;Saint-Derrien
48.3635347842645, -4.115377551434588;29;Finistère;29246;Saint-Eloy
48.221350295199755, -3.311658878688656;22;Côtes-d'Armor;22266;Rostrenen
48.27415212630237, -2.8122563929605593;22;Côtes-d'Armor;22300;Saint-Hervé
48.65409653504049, -2.8432806060833724;22;Côtes-d'Armor;22325;Saint-Quay-Portrieux
48.80139243121289, -3.36968784063376;22;Côtes-d'Armor;22363;Trélévern
48.43050710216832, -2.1066145088602153;22;Côtes-d'Armor;22364;Trélivan
48.30216325406062, -2.1604139620127762;22;Côtes-d'Armor;22032;Caulnes
48.74372057592956, -3.4613016821377243;22;Côtes-d'Armor;22113;Lannion
48.24615812698913, -2.295194979345555;22;Côtes-d'Armor;22114;Lanrelas
48.634580776416946, -2.361912056247098;22;Côtes-d'Armor;22179;Fréhel
48.58399154200864, -3.191244686218797;22;Côtes-d'Armor;22223;Plouisy
48.37059667231015, -4.732274355695323;29;Finistère;29282;Trébabu
47.902151560062684, -3.525013715222406;29;Finistère;29297;Tréméven
48.14647324275454, -1.5191578483090815;35;Ille-et-Vilaine;35001;Acigné
48.29386005705974, -1.2511258646991912;35;Ille-et-Vilaine;35025;Billé
47.95405538669706, -1.6248083598562981;35;Ille-et-Vilaine;35054;Chanteloup
48.34606495847208, -1.0960060831255682;35;Ille-et-Vilaine;35062;La Chapelle-Fleurigné
48.374837420363065, -1.6137758614366802;35;Ille-et-Vilaine;35164;Marcillé-Raoul
47.795074886087214, -1.7458463253393552;35;Ille-et-Vilaine;35202;La Noë-Blanche
48.22242043247925, -1.878721878596426;35;Ille-et-Vilaine;35245;Romillé
48.320562200824725, -1.1509066491396103;35;Ille-et-Vilaine;35324;La Selle-en-Luitré
48.59750139668909, -1.780928626236919;35;Ille-et-Vilaine;35361;Le Vivier-sur-Mer
47.61499818396553, -2.9032979546431608;56;Morbihan;56008;Baden
47.965835834555435, -2.180339647082372;56;Morbihan;56012;Beignon
48.07014991861146, -2.686851223634123;56;Morbihan;56024;Bréhan
47.968839593497606, -3.1761796997718155;56;Morbihan;56026;Bubry
47.86214163500526, -2.327688546632125;56;Morbihan;56035;Caro
47.79441862166735, -3.492426016296095;56;Morbihan;56078;Guidel
47.89284339354431, -3.2442626359122846;56;Morbihan;56104;Lanvaudan
48.09262449269591, -3.2881970931368363;56;Morbihan;56163;Ploërdut
47.848118139996586, -2.406372089690897;56;Morbihan;56202;Saint-Abraham
47.638527302064674, -2.527352829019154;56;Morbihan;56015;Berric
48.11217874734769, -2.3952111619921985;56;Morbihan;56025;Brignac
47.83003729377215, -3.0000619064794636;56;Morbihan;56031;Camors
47.69512810888961, -3.3343564625520403;56;Morbihan;56062;Gâvres
47.84297671726186, -2.8587339480952627;56;Morbihan;56141;Moustoir-Ac
47.75496671311497, -3.1747730872341604;56;Morbihan;56148;Nostang
48.089531484982594, -2.7427742858124313;56;Morbihan;56198;Rohan
48.120009748785726, -3.69433663738008;56;Morbihan;56199;Roudouallec
48.010947299613775, -1.6963752103689798;35;Ille-et-Vilaine;35363;Pont-Péan
47.69757349467855, -1.9348815673813846;35;Ille-et-Vilaine;35064;La Chapelle-de-Brain
48.119808410436114, -1.4040398446091604;35;Ille-et-Vilaine;35068;Châteaubourg
48.53657645489995, -1.7420828657421403;35;Ille-et-Vilaine;35095;Dol-de-Bretagne
48.58768702702082, -1.8352100900894583;35;Ille-et-Vilaine;35116;La Fresnais
48.28821725201028, -1.5271973109861021;35;Ille-et-Vilaine;35118;Gahard
48.39483741150758, -1.082981785743635;35;Ille-et-Vilaine;35157;Le Loroux
48.21823290384827, -1.6075653799019256;35;Ille-et-Vilaine;35197;Mouazé
48.030579799793564, -1.5523453188013727;35;Ille-et-Vilaine;35204;Nouvoitou
47.87517535420026, -1.7341150582174831;35;Ille-et-Vilaine;35221;Pléchâtel
48.55598819460127, -1.603980349885301;35;Ille-et-Vilaine;35248;Sains
48.07611933393252, -1.7225558094413485;35;Ille-et-Vilaine;35281;Saint-Jacques-de-la-Lande
48.19234019983671, -2.1949712086050135;35;Ille-et-Vilaine;35297;Saint-Méen-le-Grand
48.18431188226761, -1.240049656412916;35;Ille-et-Vilaine;35330;Taillis
48.052831604657925, -1.605159244957337;35;Ille-et-Vilaine;35352;Vern-sur-Seiche
48.61941709431571, -2.4583856753027256;22;Côtes-d'Armor;22054;Erquy
48.25037219275086, -2.794165709487651;22;Côtes-d'Armor;22068;Grâce-Uzel
48.823601548065966, -3.1817585984897487;22;Côtes-d'Armor;22085;Kerbors
48.500031081029526, -2.7097215856661303;22;Côtes-d'Armor;22106;Langueux
48.175775994107525, -2.2510777423542248;22;Côtes-d'Armor;22133;Loscouët-sur-Meu
48.67218252212366, -3.1875937861160675;22;Côtes-d'Armor;22212;Plouëc-du-Trieux
48.63109130934533, -2.8819978469492353;22;Côtes-d'Armor;22232;Plourhan
48.52380485329088, -2.280573255090437;22;Côtes-d'Armor;22237;Pluduno
47.85585269987857, -3.6132344888630112;29;Finistère;29005;Baye
48.478853728216336, -4.362545184483814;29;Finistère;29095;Kersaint-Plabennec
48.49589121381534, -4.201542201914353;29;Finistère;29116;Lanneuffret
48.27558020880024, -4.44444112428863;29;Finistère;29120;Lanvéoc
48.056032274688235, -4.434730806445163;29;Finistère;29145;Confort-Meilars
48.57012909021984, -3.616577489657529;29;Finistère;29183;Plouégat-Moysan
48.37762353081911, -4.59896664614105;29;Finistère;29212;Plouzané
48.34652230817231, -2.6052764478330435;22;Côtes-d'Armor;22346;Trédaniel
48.6598608633688, -2.873916409373055;22;Côtes-d'Armor;22377;Tréveneuc
48.68679083111384, -3.227092214035688;22;Côtes-d'Armor;22269;Runan
48.59273825268418, -2.1922313500946506;22;Côtes-d'Armor;22302;Saint-Jacut-de-la-Mer
48.518755846945496, -2.383681985569108;22;Côtes-d'Armor;22286;Saint-Denoual
48.25020250896402, -2.9695564323709553;22;Côtes-d'Armor;22295;Saint-Gilles-Vieux-Marché
48.551527127480924, -2.2356205945646788;22;Côtes-d'Armor;22311;Saint-Lormel
48.759723599934254, -3.2245634153118523;22;Côtes-d'Armor;22383;Troguéry
48.39067894840724, -3.0036362766763243;22;Côtes-d'Armor;22386;Le Vieux-Bourg
48.26830592024628, -2.1284395259517597;22;Côtes-d'Armor;22036;La Chapelle-Blanche
48.67894581661151, -3.07389448983065;22;Côtes-d'Armor;22057;Le Faouët
48.511472098182495, -2.1332072736296857;22;Côtes-d'Armor;22105;Languenan
48.60676786917297, -3.527901691489259;22;Côtes-d'Armor;22119;Lanvellec
48.63350892357017, -2.9901564356599057;22;Côtes-d'Armor;22121;Lanvollon
48.272646029706195, -2.9111878285013244;22;Côtes-d'Armor;22149;Merléac
48.273660027370745, -3.491275051198534;22;Côtes-d'Armor;22157;Le Moustoir
48.81212816242925, -3.4669735051428145;22;Côtes-d'Armor;22168;Perros-Guirec
48.17458914462472, -2.5970205727773386;22;Côtes-d'Armor;22183;Plémet
48.741508792266956, -3.0916003685447224;22;Côtes-d'Armor;22233;Plourivo
48.12810110417873, -3.063656345891149;56;Morbihan;56041;Cléguérec
48.05194555764297, -2.415106938500265;56;Morbihan;56080;Guilliers
47.97503090372453, -3.10013987749034;56;Morbihan;56128;Melrand
47.731426817139905, -2.696314927332246;56;Morbihan;56137;Monterblanc
47.97481706510322, -2.870053724032582;56;Morbihan;56144;Évellys
47.69872611383357, -2.7417675727903945;56;Morbihan;56206;Saint-Avé
47.72280045999807, -2.2885565269173167;56;Morbihan;56218;Saint-Gravé
47.67251015156635, -2.1227143066151406;56;Morbihan;56232;Saint-Perreux
47.35405925219192, -3.230901193518358;56;Morbihan;56241;Sauzon
47.60498011656292, -2.592064461097568;56;Morbihan;56259;La Trinité-Surzur
48.244916564109786, -4.491943677386122;29;Finistère;29042;Crozon
48.56994589230279, -4.524869284806563;29;Finistère;29117;Lannilis
48.51067272439773, -3.8717124413373902;29;Finistère;29163;Pleyber-Christ
48.50227078914918, -3.940488035721464;29;Finistère;29266;Saint-Thégonnec Loc-Eguiner
48.508702240766816, -4.2557974309317945;29;Finistère;29295;Trémaouézan
47.90728287732169, -4.219951972361853;29;Finistère;29296;Tréméoc
47.99980525712724, -1.4961212843766156;35;Ille-et-Vilaine;35002;Amanlis
48.44007996396879, -1.4626825378414101;35;Ille-et-Vilaine;35004;Val-Couesnon
47.95811181094663, -1.1855961909319603;35;Ille-et-Vilaine;35008;Availles-sur-Seiche
47.763436347907735, -1.6735412932096705;35;Ille-et-Vilaine;35098;La Dominelais
47.82372043585145, -1.251937275028488;35;Ille-et-Vilaine;35103;Eancé
48.59361443800582, -1.8091853750456932;35;Ille-et-Vilaine;35132;Hirel
48.3914625762964, -1.691950509327462;35;Ille-et-Vilaine;35148;Lanrigan
48.22721590803195, -1.3484821109731198;35;Ille-et-Vilaine;35154;Livré-sur-Changeon
48.08450893021636, -1.0903824331980856;35;Ille-et-Vilaine;35183;Mondevert
48.166352169192315, -1.974728813357398;35;Ille-et-Vilaine;35203;La Nouaye
48.097275606268866, -1.7810066434882224;35;Ille-et-Vilaine;35240;Le Rheu
48.15224569267868, -1.8537968723170708;35;Ille-et-Vilaine;35275;Saint-Gilles
48.58001308421343, -1.8886390545803577;35;Ille-et-Vilaine;35279;Saint-Guinoux
48.061284960697265, -1.270683504798285;35;Ille-et-Vilaine;35338;Torcé
48.1898218657134, -1.3050699797547467;35;Ille-et-Vilaine;35347;Val-d'Izé
48.24985950275675, -4.299014155732905;29;Finistère;29001;Argol
48.01682992983615, -4.361192692227408;29;Finistère;29070;Guiler-sur-Goyen
48.63265115189536, -3.931409390053223;29;Finistère;29079;Henvic
48.28018256234892, -3.645913922535779;29;Finistère;29089;Kergloff
48.5344353698899, -4.730012305282042;29;Finistère;29109;Landunvez
48.64250369863524, -3.7215051477891663;29;Finistère;29113;Lanmeur
48.20546331412685, -3.9030169227757714;29;Finistère;29123;Lennon
48.43889118804663, -4.7210699477096405;29;Finistère;29177;Plouarzel
48.528930645496374, -4.592539484452854;29;Finistère;29196;Plouguin
48.592444868696894, -4.095746357557586;29;Finistère;29213;Plouzévédé
47.9537748355455, -4.009798466157899;29;Finistère;29247;Saint-Évarzec
48.562355553743245, -4.619760162899474;29;Finistère;29257;Saint-Pabu
48.34916479505323, -3.987759628195394;29;Finistère;29261;Saint-Rivoal
48.51542238170894, -4.158216092784721;29;Finistère;29264;Saint-Servais
48.41556074645047, -4.175816425774317;29;Finistère;29286;Tréflévénez
48.61009205223091, -4.08453016883681;29;Finistère;29301;Trézilidé
48.68323505651569, -1.8653440052151957;35;Ille-et-Vilaine;35049;Cancale
48.177081629218016, -1.7413145032368083;35;Ille-et-Vilaine;35059;La Chapelle-des-Fougeretz
47.872363431039645, -2.088404799728695;35;Ille-et-Vilaine;35084;Comblessac
48.34697793236181, -1.7102571474409098;35;Ille-et-Vilaine;35094;Dingé
47.817939717184544, -1.5824150407302084;35;Ille-et-Vilaine;35106;Ercé-en-Lamée
48.30217603387006, -1.7777382034695801;35;Ille-et-Vilaine;35130;Hédé-Bazouges
48.296882370054284, -1.4385549955137613;35;Ille-et-Vilaine;35178;Mézières-sur-Couesnon
48.41751955893901, -1.6240354454389352;35;Ille-et-Vilaine;35205;Noyal-sous-Bazouges
48.15267424488268, -1.7773286627618046;35;Ille-et-Vilaine;35210;Pacé
48.4179064375013, -1.929981226308309;35;Ille-et-Vilaine;35225;Plesder
47.905816633937405, -1.3437506309168037;35;Ille-et-Vilaine;35239;Retiers
48.380550659582255, -1.4931996514446573;35;Ille-et-Vilaine;35244;Romazy
48.11309826936629, -2.076225797148181;35;Ille-et-Vilaine;35277;Saint-Gonlay
48.284928479079234, -1.3457462162051441;35;Ille-et-Vilaine;35282;Rives-du-Couesnon
48.326847854647575, -1.4277251987844217;35;Ille-et-Vilaine;35304;Saint-Ouen-des-Alleux
48.34688943676666, -1.3142718991136215;35;Ille-et-Vilaine;35310;Saint-Sauveur-des-Landes
47.80750013594904, -1.5224505817549963;35;Ille-et-Vilaine;35332;Teillay
48.15661369051908, -1.5844372268831357;35;Ille-et-Vilaine;35334;Thorigné-Fouillard
48.4385592170784, -1.6973721174473604;35;Ille-et-Vilaine;35342;Trémeheuc
48.451792041709744, -2.1276186283311356;22;Côtes-d'Armor;22003;Aucaleuc
48.059113527873514, -2.620841543398244;22;Côtes-d'Armor;22027;Le Cambout
48.510492935904004, -3.4917280120826337;22;Côtes-d'Armor;22131;Loguivy-Plougras
48.227634919736666, -3.4609317309280505;22;Côtes-d'Armor;22163;Paule
48.35568772170431, -2.4152109230019456;22;Côtes-d'Armor;22185;Plénée-Jugon
48.76196277150734, -3.154469609002931;22;Côtes-d'Armor;22196;Pleudaniel
48.31178706593236, -2.007880383435003;22;Côtes-d'Armor;22208;Plouasne
48.73857830623221, -2.9792489742525143;22;Côtes-d'Armor;22214;Plouézec
48.68379026242281, -3.513468350501465;22;Côtes-d'Armor;22226;Ploumilliau
48.39927908013636, -3.484092849456566;22;Côtes-d'Armor;22243;Plusquellec
48.61825542744474, -3.102895321623121;22;Côtes-d'Armor;22248;Pommerit-le-Vicomte
48.33733289508829, -2.0239291297217643;22;Côtes-d'Armor;22352;Tréfumel
47.749466214087526, -2.098235754697233;56;Morbihan;56044;Cournon
47.65668268418407, -3.198361132823938;56;Morbihan;56055;Étel
47.74821053948151, -2.1974327734250623;56;Morbihan;56060;Les Fougerêts
47.80832208073061, -3.4376384926427623;56;Morbihan;56063;Gestel
47.93926228225459, -2.359144092500855;56;Morbihan;56065;Gourhel
47.8563819806875, -3.251954953861339;56;Morbihan;56090;Inzinzac-Lochrist
47.57760641034743, -2.96277594354625;56;Morbihan;56116;Locmariaquer
47.807348242044924, -2.387004052642215;56;Morbihan;56124;Malestroit
47.933038254681584, -2.8038520891016443;56;Morbihan;56140;Moréac
47.60051542304944, -3.122225916191673;56;Morbihan;56168;Plouharnel
47.70963263626797, -3.3496637660344617;56;Morbihan;56181;Port-Louis
48.096865616297585, -3.5650191528080257;56;Morbihan;56201;Le Saint
47.83286125385111, -2.22917842879293;56;Morbihan;56253;Tréal
48.386615901912556, -3.3742699079437326;22;Côtes-d'Armor;22328;Saint-Servais
48.39991881113289, -2.389069232919647;22;Côtes-d'Armor;22341;Tramain
48.2985077985793, -3.5267684519728286;22;Côtes-d'Armor;22351;Treffrin
48.61042982628992, -2.975256115667468;22;Côtes-d'Armor;22375;Tressignaux
48.81188591337173, -3.3449039997241417;22;Côtes-d'Armor;22379;Trévou-Tréguignec
48.436341207341954, -2.151585554530895;22;Côtes-d'Armor;22388;Vildé-Guingalan
48.07167377896529, -4.507384747992127;29;Finistère;29008;Beuzec-Cap-Sizun
48.57533816797108, -4.204438013327355;29;Finistère;29111;Lanhouarneau
48.13567050990772, -3.839933751061994;29;Finistère;29122;Laz
48.371494419106476, -4.6501415011963045;29;Finistère;29130;Locmaria-Plouzané
47.91303838353783, -3.84185416567477;29;Finistère;29146;Melgven
48.01111626924694, -4.209345066556811;29;Finistère;29173;Plonéis
48.25605563887173, -3.8235837574602463;29;Finistère;29175;Plonévez-du-Faou
48.046355067830525, -4.4976033520720025;29;Finistère;29218;Pont-Croix
48.45431043009017, -4.330189727936171;29;Finistère;29245;Saint-Divy
47.73092945694419, -3.3290430969236855;56;Morbihan;56118;Locmiquélic
47.69760462200203, -2.8311407548243483;56;Morbihan;56158;Plescop
47.715073629164884, -2.3702129797872344;56;Morbihan;56171;Pluherlin
47.67825662063206, -2.622103777514945;56;Morbihan;56255;Treffléan
48.004176681832305, -2.2953209096691434;56;Morbihan;56256;Tréhorenteuc
47.92017876155765, -2.6750440248335976;56;Morbihan;56027;Buléon
47.64046604982291, -2.299402551103518;56;Morbihan;56028;Caden
47.715958984835254, -2.4943653145031535;56;Morbihan;56108;Larré
47.999216648992224, -1.2393693328963329;35;Ille-et-Vilaine;35097;Domalain
48.328170263015465, -1.6259086678206032;35;Ille-et-Vilaine;35110;Feins
47.943904868425264, -1.2432228880104614;35;Ille-et-Vilaine;35125;La Guerche-de-Bretagne
47.828497019470916, -1.327648654088484;35;Ille-et-Vilaine;35167;Martigné-Ferchaud
48.24117530489468, -1.2865009535647316;35;Ille-et-Vilaine;35170;Mecé
47.898750163981504, -1.9528771362268087;35;Ille-et-Vilaine;35175;Mernel
48.1200607763001, -2.1624829383434436;35;Ille-et-Vilaine;35201;Muel
48.52868808849777, -1.8460749996070223;35;Ille-et-Vilaine;35224;Plerguer
48.35657330186942, -1.8130044738569537;35;Ille-et-Vilaine;35233;Québriac
48.258346052617924, -1.4209557346508155;35;Ille-et-Vilaine;35253;Saint-Aubin-du-Cormier
48.1367232884349, -2.1021891339116663;35;Ille-et-Vilaine;35295;Saint-Maugan
48.35002198509106, -1.423469007138757;35;Ille-et-Vilaine;35336;Le Tiercent
47.95677021441788, -1.959767226226906;35;Ille-et-Vilaine;35035;Bovel
48.37652362164467, -1.452165796745462;35;Ille-et-Vilaine;35075;Chauvigné
48.10859121395969, -1.8859488662368307;35;Ille-et-Vilaine;35080;Cintré
47.930330698750744, -1.6567878000865206;35;Ille-et-Vilaine;35090;Crevin
48.39371348739721, -2.5887890119592436;22;Côtes-d'Armor;22015;Bréhand
48.365375784779125, -2.911495669833046;22;Côtes-d'Armor;22099;Lanfains
48.55308299986967, -2.0144312068571977;22;Côtes-d'Armor;22103;Langrolay-sur-Rance
48.40121375167732, -3.1770985526858846;22;Côtes-d'Armor;22139;Magoar
48.514587985964525, -2.2193340279391998;22;Côtes-d'Armor;22172;Plancoët
48.34074131893954, -2.7952897427258603;22;Côtes-d'Armor;22203;Plœuc-L'Hermitage
48.4850234183266, -3.3748184940250456;22;Côtes-d'Armor;22216;Plougonver
47.9599536139332, -3.9388486393653013;29;Finistère;29272;Saint-Yvi
48.39486358601009, -4.045096918736153;29;Finistère;29277;Sizun
48.18610867026052, -3.6919790371455;29;Finistère;29278;Spézet
48.43135873020495, -4.521859794324753;29;Finistère;29011;Bohars
48.14889070095511, -4.11886748848833;29;Finistère;29025;Cast
48.258689605035194, -3.896689194540526;29;Finistère;29033;Le Cloître-Pleyben
48.6210445420373, -3.98044024238278;29;Finistère;29184;Plouénan
48.57605637296352, -3.8559708921225164;29;Finistère;29254;Saint-Martin-des-Champs
48.01069083646693, -2.58067942078514;56;Morbihan;56102;Forges de Lanouée
47.82385668631683, -2.3559008773995678;56;Morbihan;56133;Missiriac
48.01498840220642, -3.218833441714973;56;Morbihan;56156;Persquen
47.77932742805689, -2.6952158629356067;56;Morbihan;56157;Plaudren
48.13429048210244, -3.375672186839369;56;Morbihan;56170;Plouray
47.645452943796954, -2.122800967544879;56;Morbihan;56223;Saint-Jean-la-Poterie
48.01696195648654, -2.469013825423617;56;Morbihan;56227;Saint-Malo-des-Trois-Fontaines
47.631757745510725, -2.6517849171435186;56;Morbihan;56251;Theix-Noyalo
48.09858152323974, -2.524163218752909;56;Morbihan;56257;La Trinité-Porhoët
48.174545832878174, -1.4370271292193724;35;Ille-et-Vilaine;35031;La Bouëxière
48.110479231156376, -1.4898104869014541;35;Ille-et-Vilaine;35039;Brécé
48.01159670908795, -1.0985435039377853;35;Ille-et-Vilaine;35042;Brielles
48.425896840037744, -1.2457157447414038;35;Ille-et-Vilaine;35071;Le Châtellier
47.947923039565644, -1.4307106197297845;35;Ille-et-Vilaine;35108;Essé
47.958559505638235, -1.3539127908107476;35;Ille-et-Vilaine;35165;Marcillé-Robert
48.570838795053675, -1.758182871510525;35;Ille-et-Vilaine;35186;Mont-Dol
47.976012809565105, -1.2052813495556647;35;Ille-et-Vilaine;35200;Moutiers
48.42564245368213, -1.1976946140142226;35;Ille-et-Vilaine;35215;Parigné
48.18341737490215, -1.8935690783055514;35;Ille-et-Vilaine;35227;Pleumeleuc
48.26193473447018, -1.6003523769237749;35;Ille-et-Vilaine;35251;Saint-Aubin-d'Aubigné
48.250458465168734, -1.6520318490148052;35;Ille-et-Vilaine;35274;Saint-Germain-sur-Ille
48.15849263307686, -1.685339999670711;35;Ille-et-Vilaine;35278;Saint-Grégoire
47.917871730175385, -1.4218404692640998;35;Ille-et-Vilaine;35333;Le Theil-de-Bretagne
48.37116916799059, -1.920227250044733;35;Ille-et-Vilaine;35345;Trévérien
48.40333804955121, -2.911687900047397;22;Côtes-d'Armor;22262;Quintin
48.60361333921216, -2.248602591723071;22;Côtes-d'Armor;22282;Saint-Cast-le-Guildo
48.44752227694301, -2.8179024440338862;22;Côtes-d'Armor;22307;Saint-Julien
48.35065601742312, -2.268540546424408;22;Côtes-d'Armor;22369;Trémeur
48.705892344939876, -3.3675467732029523;22;Côtes-d'Armor;22030;Caouënnec-Lanvézéac
48.76341836109597, -3.3259713891013423;22;Côtes-d'Armor;22042;Coatréven
48.389910884605634, -3.1364122348887866;22;Côtes-d'Armor;22092;Kerpert
48.583590024616825, -2.529603874827951;22;Côtes-d'Armor;22186;Pléneuf-Val-André
48.47431751653194, -3.284976469260663;22;Côtes-d'Armor;22249;Pont-Melvez
48.5541101799201, -4.407112229029026;29;Finistère;29126;Loc-Brévalaire
47.81546601151469, -3.775896435760512;29;Finistère;29153;Névez
48.63721667754028, -3.8156544603112534;29;Finistère;29186;Plouezoc'h
47.955432557541535, -3.5475381384262166;29;Finistère;29230;Querrien
48.313634238785724, -2.0806987621722692;22;Côtes-d'Armor;22069;Guenroc
48.40376732808839, -3.29029377751837;22;Côtes-d'Armor;22138;Maël-Pestivien
48.582713836218865, -3.1431922194761563;22;Côtes-d'Armor;22161;Pabu
48.78542781504321, -3.518777493190809;22;Côtes-d'Armor;22198;Pleumeur-Bodou
48.2236933611001, -3.516379511444769;22;Côtes-d'Armor;22202;Plévin
48.496580804818194, -3.5645663818142;22;Côtes-d'Armor;22217;Plougras
48.106145167028124, -2.5912220866061655;22;Côtes-d'Armor;22241;Plumieux
48.73168265014376, -3.2332361305423283;22;Côtes-d'Armor;22264;La Roche-Jaudy
48.19188963202525, -2.86752798517365;22;Côtes-d'Armor;22279;Saint-Caradec
48.33761283084385, -2.068749098710134;22;Côtes-d'Armor;22312;Saint-Maden
48.59485513742797, -3.4026792795067093;22;Côtes-d'Armor;22359;Trégrom
48.33011725801109, -3.267158891170826;22;Côtes-d'Armor;22365;Trémargat
48.034724331990546, -3.1023116562130837;56;Morbihan;56076;Guern
47.95410919481656, -2.5478970675285364;56;Morbihan;56091;Josselin
47.769324442120215, -2.3861728024162794;56;Morbihan;56159;Pleucadeuc
47.487978044724514, -3.1227277511609017;56;Morbihan;56186;Quiberon
47.94912282979411, -2.713192038984608;56;Morbihan;56189;Radenac
48.09613599460711, -3.366977478725556;56;Morbihan;56238;Saint-Tugdual
48.04841603336822, -1.138441732891718;35;Ille-et-Vilaine;35006;Argentré-du-Plessis
48.18125312560542, -1.6464563368763738;35;Ille-et-Vilaine;35024;Betton
48.471176036566725, -1.76133278952476;35;Ille-et-Vilaine;35029;Bonnemain
48.26671127882724, -1.8639649480634999;35;Ille-et-Vilaine;35058;La Chapelle-Chaussée
48.125188790762834, -1.8582145247678479;35;Ille-et-Vilaine;35065;La Chapelle-Thouarault
48.55802217069095, -1.9284954537688372;35;Ille-et-Vilaine;35070;Châteauneuf-d'Ille-et-Vilaine
48.10933733047943, -1.116871476226544;35;Ille-et-Vilaine;35105;Erbrée
48.29414597962963, -1.8663366757957618;35;Ille-et-Vilaine;35134;Les Iffs
48.23601572142538, -1.8451901989553843;35;Ille-et-Vilaine;35144;Langan
48.57081749963645, -1.8549671684581222;35;Ille-et-Vilaine;35153;Lillemer
48.05231871142257, -1.6627284909787454;35;Ille-et-Vilaine;35206;Noyal-Châtillon-sur-Seiche
48.27100866198818, -1.194688868357175;35;Ille-et-Vilaine;35214;Parcé
48.09326691887594, -1.3579516170135162;35;Ille-et-Vilaine;35264;Saint-Didier
48.00489220803604, -1.1726835047024422;35;Ille-et-Vilaine;35272;Saint-Germain-du-Pinel
48.58525989276481, -1.6280482596748214;35;Ille-et-Vilaine;35291;Saint-Marcan
48.458014238148365, -1.8778402832831353;35;Ille-et-Vilaine;35308;Mesnil-Roc'h
48.03164573430121, -2.0086929290469047;35;Ille-et-Vilaine;35340;Treffendel
48.30658366356695, -2.369103666992024;22;Côtes-d'Armor;22267;Rouillac
48.67433993987417, -3.5566456902871044;22;Côtes-d'Armor;22319;Saint-Michel-en-Grève
48.613932216458565, -3.1632148012510446;22;Côtes-d'Armor;22358;Trégonneau
48.57715815476378, -3.0063341580506617;22;Côtes-d'Armor;22019;Bringolo
48.40939302468879, -3.230680461477553;22;Côtes-d'Armor;22088;Kerien
48.332427425246884, -3.409970759309314;22;Côtes-d'Armor;22128;Locarn
48.16847510350928, -3.290144558300456;22;Côtes-d'Armor;22146;Mellionnec
48.50578538306872, -2.8804807769133474;22;Côtes-d'Armor;22188;Plerneuf
48.27977801969337, -2.6900266392636634;22;Côtes-d'Armor;22219;Plouguenast-Langast
48.530550245147154, -3.1094049735917677;22;Côtes-d'Armor;22225;Ploumagoar
48.397066868317864, -4.222060031673514;29;Finistère;29270;Saint-Urbain
47.88482065896248, -4.339131135957931;29;Finistère;29292;Tréguennec
47.81427539251612, -2.006175534725598;35;Ille-et-Vilaine;35045;Bruc-sur-Aff
47.87221088062034, -1.416270149833475;35;Ille-et-Vilaine;35082;Coësmes
48.49972415366313, -1.703048004041398;35;Ille-et-Vilaine;35104;Epiniac
48.254539390042304, -1.5170262457629726;35;Ille-et-Vilaine;35107;Ercé-près-Liffré
47.86155684172024, -1.292913473338416;35;Ille-et-Vilaine;35114;Forges-la-Forêt
48.31709025111877, -1.2059792708434958;35;Ille-et-Vilaine;35137;Javené
47.967022370647356, -1.7139398906777104;35;Ille-et-Vilaine;35139;Laillé
48.2810204718649, -1.9268726929173277;35;Ille-et-Vilaine;35180;Miniac-sous-Bécherel
48.53106618575119, -1.5736724240740974;35;Ille-et-Vilaine;35222;Pleine-Fougères
48.10036552770044, -1.2915064569220978;35;Ille-et-Vilaine;35252;Saint-Aubin-des-Landes
47.94282472997957, -1.1704119192818814;35;Ille-et-Vilaine;35325;La Selle-Guerchaise
47.672409748649926, -3.161736554927675;56;Morbihan;56013;Belz
47.813267553874056, -3.3414118818498872;56;Morbihan;56036;Caudan
47.63042053669387, -3.000327876103034;56;Morbihan;56046;Crach
47.907834204843375, -2.1291416938091445;56;Morbihan;56075;Guer
47.588661514891264, -2.7965288698670854;56;Morbihan;56088;Île-d'Arz
47.7687876170804, -3.247912232421105;56;Morbihan;56094;Kervignac
47.77169699263944, -3.1133302895040242;56;Morbihan;56097;Landévant
47.994157163906294, -2.6912653630555945;56;Morbihan;56160;Pleugriffet
47.90925220707338, -3.1273939660534067;56;Morbihan;56188;Quistinic
47.64212422964367, -2.2382263007064176;56;Morbihan;56216;Saint-Gorgon
47.7627344360266, -2.2645262790949556;56;Morbihan;56229;Saint-Martin-sur-Oust
48.24311008262776, -3.6641547736120073;29;Finistère;29029;Cléden-Poher
48.305559227171706, -4.142596564319735;29;Finistère;29053;Le Faou
48.434157334700664, -4.314870922291029;29;Finistère;29056;La Forest-Landerneau
48.38414779632583, -4.313770602601793;29;Finistère;29140;Loperhet
48.3603173039468, -4.382673752226675;29;Finistère;29189;Plougastel-Daoulas
48.445728911689905, -3.8807840970884606;29;Finistère;29202;Plounéour-Ménez
48.20812081997656, -3.611006946851952;29;Finistère;29250;Saint-Hernin
47.86849163199846, -4.30916465543175;29;Finistère;29252;Saint-Jean-Trolimon
48.23579083742642, -4.077582892592827;29;Finistère;29263;Saint-Ségal
48.05547290273416, -4.265145881143125;29;Finistère;29087;Le Juch
48.68293224020927, -3.667591686451052;29;Finistère;29133;Locquirec
48.15816524996369, -4.212889635775947;29;Finistère;29166;Ploéven
48.473432281760175, -4.194586689329399;29;Finistère;29237;La Roche-Maurice
48.59979615456267, -4.373335966333686;29;Finistère;29248;Saint-Frégant
48.44826427216525, -4.000249112803793;29;Finistère;29262;Saint-Sauveur
47.66748009764836, -2.990485003314689;56;Morbihan;56007;Auray
47.78470297156639, -2.447012827401232;56;Morbihan;56020;Bohal
47.76382907371059, -2.1402367718551187;56;Morbihan;56061;La Gacilly
47.39001573199813, -2.968397218082545;56;Morbihan;56086;Île-d'Houat
47.92704989201864, -3.3372754863379543;56;Morbihan;56166;Plouay
48.14488091620087, -3.1729596926629817;56;Morbihan;56245;Silfiac
48.027810454681905, -3.730245403314739;29;Finistère;29274;Scaër
48.42657464114599, -3.6683314220871432;29;Finistère;29275;Scrignac
48.23771627882694, -4.231047883859354;29;Finistère;29289;Trégarvan
48.53106512361239, -3.3818371582833917;22;Côtes-d'Armor;22005;Belle-Isle-en-Terre
48.359241336135476, -3.53211129444564;22;Côtes-d'Armor;22031;Carnoët
48.66956621990305, -3.2552637436482668;22;Côtes-d'Armor;22041;Coatascorn
48.425666428990944, -2.1831046599580097;22;Côtes-d'Armor;22097;La Landec
48.451577637530804, -2.0114884585409434;22;Côtes-d'Armor;22118;Lanvallay
48.169286969951244, -3.206382639399914;22;Côtes-d'Armor;22124;Lescouët-Gouarec
48.41026620350685, -2.8103473870124343;22;Côtes-d'Armor;22171;Plaintel
48.63674271423779, -3.3714806804905773;22;Côtes-d'Armor;22245;Pluzunet
48.45848844728416, -2.62222372557139;22;Côtes-d'Armor;22246;Pommeret
48.735705197533385, -3.386851043297325;22;Côtes-d'Armor;22265;Rospez
48.379696420723874, -3.0869094051136288;22;Côtes-d'Armor;22294;Saint-Gilles-Pligeaux
48.305325601577145, -2.964675143154532;22;Côtes-d'Armor;22313;Saint-Martin-des-Prés
48.55696485740258, -3.2546290079690814;22;Côtes-d'Armor;22354;Tréglamus
48.78432609355878, -3.2323635346482997;22;Côtes-d'Armor;22362;Tréguier
48.18693596932489, -3.5293689271781603;22;Côtes-d'Armor;22373;Tréogan
48.48785318675125, -1.9833936003151997;22;Côtes-d'Armor;22385;La Vicomté-sur-Rance
48.186750546278596, -1.950019203950162;35;Ille-et-Vilaine;35023;Bédée
48.044854533568945, -1.8655920918200706;35;Ille-et-Vilaine;35037;Bréal-sous-Montfort
48.1403565011557, -1.0896552943536257;35;Ille-et-Vilaine;35061;La Chapelle-Erbrée
48.309919542657944, -1.3146741908013213;35;Ille-et-Vilaine;35063;La Chapelle-Saint-Aubert
48.2288565479042, -1.1647621068898542;35;Ille-et-Vilaine;35072;Châtillon-en-Vendelais
48.22444351530812, -1.6363052011237675;35;Ille-et-Vilaine;35079;Chevaigné
48.17905847824082, -1.8537562140797788;35;Ille-et-Vilaine;35081;Clayes
47.8941553849704, -1.5017429307265269;35;Ille-et-Vilaine;35089;La Couyère
48.06846576801134, -1.5429526238262687;35;Ille-et-Vilaine;35099;Domloup
48.25459072055225, -1.8096488028645494;35;Ille-et-Vilaine;35146;Langouet
47.972129791730175, -1.8640078738832258;35;Ille-et-Vilaine;35149;Lassy
48.48438965248119, -1.1910813208631468;35;Ille-et-Vilaine;35174;Mellé
48.21240640954021, -1.5758728629651189;35;Ille-et-Vilaine;35315;Saint-Sulpice-la-Forêt
47.77696196439249, -1.6257192631872557;35;Ille-et-Vilaine;35316;Saint-Sulpice-des-Landes
48.03349117108601, -1.9405409637027893;35;Ille-et-Vilaine;35319;Saint-Thurial
47.92550391651555, -2.586229208258498;56;Morbihan;56070;Guégon
47.95147005376643, -2.6604105984155715;56;Morbihan;56103;Lantillac
48.06146225598306, -2.891153502428296;56;Morbihan;56151;Noyal-Pontivy
47.66179074347632, -2.8428614555066916;56;Morbihan;56164;Ploeren
47.8257861710007, -2.623531946315434;56;Morbihan;56172;Plumelec
47.76792734216202, -2.3282670781220824;56;Morbihan;56211;Saint-Congard
47.51237206896615, -2.832417952135486;56;Morbihan;56214;Saint-Gildas-de-Rhuys
47.67785647886445, -2.2123393138420626;56;Morbihan;56221;Saint-Jacut-les-Pins
48.017179258310115, -2.943536065989815;56;Morbihan;56237;Saint-Thuriau
47.52411068061445, -2.75171875017779;56;Morbihan;56240;Sarzeau
48.0277346395964, -4.56142848950124;29;Finistère;29003;Audierne
48.26874866034538, -3.5660276318224926;29;Finistère;29024;Carhaix-Plouguer
47.91720488553766, -4.110905929109813;29;Finistère;29060;Gouesnach
48.035053993990765, -4.67943185261289;29;Finistère;29168;Plogoff
47.90856192950337, -4.265121600273014;29;Finistère;29174;Plonéour-Lanvern
48.351093493796476, -4.718045184224957;29;Finistère;29190;Plougonvelin
48.503033648072396, -4.684617067259213;29;Finistère;29208;Plourin
48.21099928188342, -4.280458475728606;29;Finistère;29256;Saint-Nic
48.560268989859175, -3.8891291369827936;29;Finistère;29265;Sainte-Sève
48.6998675399381, -4.031588842965409;29;Finistère;29273;Santec
48.34572093530981, -1.9971468539337076;22;Côtes-d'Armor;22263;Le Quiou
48.41245274176569, -3.0751160708441336;22;Côtes-d'Armor;22284;Saint-Connan
48.11126952716154, -2.7681977474805777;22;Côtes-d'Armor;22314;Saint-Maudan
48.310130878716734, -3.480979093557651;22;Côtes-d'Armor;22344;Trébrivan
48.5245298638382, -2.848563798623896;22;Côtes-d'Armor;22372;Trémuson
48.71464017346286, -3.0462754071344658;22;Côtes-d'Armor;22390;Yvias
48.408753699983144, -1.7453444163953886;35;Ille-et-Vilaine;35085;Combourg
47.982426201924376, -1.5701594380628259;35;Ille-et-Vilaine;35088;Corps-Nuds
47.85595727759633, -1.5223305854541698;35;Ille-et-Vilaine;35140;Lalleu
48.42049090918857, -1.8225764137896725;35;Ille-et-Vilaine;35172;Meillac
47.82156398157027, -1.8304724713085467;35;Ille-et-Vilaine;35176;Guipry-Messac
48.44918995270498, -1.3356487435988094;35;Ille-et-Vilaine;35191;Les Portes du Coglais
47.99665062833287, -2.0798613079484096;35;Ille-et-Vilaine;35223;Plélan-le-Grand
48.38835113407722, -1.657127876652756;35;Ille-et-Vilaine;35286;Saint-Léger-des-Prés
48.2729957698673, -1.6709220520125765;35;Ille-et-Vilaine;35296;Saint-Médard-sur-Ille
48.03592859059881, -1.2556557483847002;35;Ille-et-Vilaine;35350;Vergéal
48.43429350906591, -3.332708898349024;22;Côtes-d'Armor;22023;Bulat-Pestivien
48.51493819543793, -3.1786769355603184;22;Côtes-d'Armor;22040;Coadout
48.28263378764225, -2.531182377659153;22;Côtes-d'Armor;22046;Le Mené
48.44612091913673, -2.0513021305898294;22;Côtes-d'Armor;22050;Dinan
48.29305378448452, -2.761208784518627;22;Côtes-d'Armor;22060;Gausson
48.8454616685329, -3.09657660537169;22;Côtes-d'Armor;22111;Lanmodez
48.71048099353365, -3.29263621851506;22;Côtes-d'Armor;22141;Mantallot
48.64771211551533, -3.6201791709357827;22;Côtes-d'Armor;22194;Plestin-les-Grèves
48.83997977804071, -3.239732572991491;22;Côtes-d'Armor;22218;Plougrescant
48.42686665994725, -2.6564491536079555;22;Côtes-d'Armor;22258;Quessoy
48.634784370412966, -3.291537395440154;22;Côtes-d'Armor;22004;Bégard
48.58358930983129, -2.4419466987465595;22;Côtes-d'Armor;22012;La Bouillie
48.42196827664741, -3.416491285381751;22;Côtes-d'Armor;22025;Callac
48.132376366176494, -2.543197318567139;22;Côtes-d'Armor;22043;Coëtlogon
48.53989457783926, -2.19029968087284;22;Côtes-d'Armor;22049;Créhen
48.274287039210606, -2.343933387805328;22;Côtes-d'Armor;22053;Éréac
48.69305673767193, -3.04636642694735;22;Côtes-d'Armor;22108;Lanleff
48.68203410583672, -3.298018645171776;22;Côtes-d'Armor;22254;Prat
48.185934905275595, -2.6477738266212514;22;Côtes-d'Armor;22255;La Prénessaye
47.98484498753087, -3.3737605248831297;56;Morbihan;56014;Berné
47.73269560672051, -3.244214485919445;56;Morbihan;56130;Merlevenez
47.98778763662948, -3.4477994165346497;56;Morbihan;56131;Meslan
47.73603611480543, -2.439303500902203;56;Morbihan;56135;Molac
47.59959682314105, -2.4595156343536195;56;Morbihan;56149;Noyal-Muzillac
47.6899829190201, -2.5189793517965025;56;Morbihan;56261;La Vraie-Croix
48.657131650780954, -3.0908668002011983;22;Côtes-d'Armor;22293;Saint-Gilles-les-Bois
48.29883347125943, -1.630950896856052;35;Ille-et-Vilaine;35007;Aubigné
47.71220004234264, -2.075623599840452;35;Ille-et-Vilaine;35013;Bains-sur-Oust
48.29629668005712, -1.942863279259336;35;Ille-et-Vilaine;35022;Bécherel
47.93709233843912, -1.923023784125729;35;Ille-et-Vilaine;35057;La Chapelle-Bouëxic
48.226696581688344, -1.2363756593130186;35;Ille-et-Vilaine;35260;Saint-Christophe-des-Bois
48.33638894417459, -1.5540357672679326;35;Ille-et-Vilaine;35326;Sens-de-Bretagne
48.12113500300613, -1.4579774301963044;35;Ille-et-Vilaine;35327;Servon-sur-Vilaine
48.501362659041725, -1.5533886446943055;35;Ille-et-Vilaine;35354;Vieux-Viel
47.96029647198793, -1.2984754081778298;35;Ille-et-Vilaine;35359;Visseiche
47.87842194466297, -4.076056097043243;29;Finistère;29006;Bénodet
48.40025315002706, -4.5022743091573005;29;Finistère;29019;Brest
47.872628727353494, -4.016520164666885;29;Finistère;29058;Fouesnant
48.09144665712037, -4.26353342786953;29;Finistère;29090;Kerlaz
48.44998747386722, -4.764174507571006;29;Finistère;29098;Lampaul-Plouarzel
48.32987401468242, -3.8588575360932413;29;Finistère;29141;Loqueffret
48.49366275086781, -4.419497186859718;29;Finistère;29160;Plabennec
48.34787565724279, -3.6436478102242273;29;Finistère;29227;Poullaouen
48.5606296002789, -3.153483856443051;22;Côtes-d'Armor;22070;Guingamp
48.34049323560732, -3.0321258004545015;22;Côtes-d'Armor;22074;Le Haut-Corlay
48.77349033102501, -3.3733885820496323;22;Côtes-d'Armor;22090;Kermaria-Sulard
48.6008414291423, -2.1483024381537885;22;Côtes-d'Armor;22094;Lancieux
48.17440032876323, -2.750532416873835;22;Côtes-d'Armor;22136;Loudéac
48.65647836354202, -2.31997098103021;22;Côtes-d'Armor;22201;Plévenon
48.80531646998795, -3.044734163599906;22;Côtes-d'Armor;22210;Ploubazlanec
48.56649543690494, -3.548705082358268;22;Côtes-d'Armor;22227;Plounérin
48.35990822902084, -3.850904376567688;29;Finistère;29018;Brennilis
47.79448852750255, -3.566712666045648;29;Finistère;29031;Clohars-Carnoët
48.41038510420793, -3.9696770372899137;29;Finistère;29038;Commana
48.170053672046436, -3.9722052250657516;29;Finistère;29062;Gouézec
48.575390983605665, -4.411071986708034;29;Finistère;29093;Kernilis
47.82100864724522, -4.2280101533267525;29;Finistère;29165;Plobannalec-Lesconil
48.52090438138386, -4.208926736677648;29;Finistère;29204;Plounéventer
48.07707709554969, -4.397647297801551;29;Finistère;29226;Poullan-sur-Mer
47.877122515436476, -2.759587553447427;56;Morbihan;56017;Bignan
47.86779970104002, -2.6475665327598996;56;Morbihan;56019;Billio
47.87807650448863, -2.5906219647644937;56;Morbihan;56051;Cruguel
47.52236418503238, -2.5857712165115228;56;Morbihan;56052;Damgan
47.741506224975524, -3.09943906356771;56;Morbihan;56096;Landaul
47.718520831112926, -3.3029664259261584;56;Morbihan;56193;Riantec
48.11550189239316, -2.881379650397045;56;Morbihan;56213;Saint-Gérand-Croixanvec
47.7917830325563, -2.3139351145584106;56;Morbihan;56224;Saint-Laurent-sur-Oust
47.956135427939635, -2.144737144343607;56;Morbihan;56226;Saint-Malo-de-Beignon
47.830231648923785, -1.6763369438514282;35;Ille-et-Vilaine;35012;Bain-de-Bretagne
47.975498816947336, -1.3974354507168307;35;Ille-et-Vilaine;35028;Boistrudan
47.86816577360735, -1.5888065255139727;35;Ille-et-Vilaine;35030;La Bosse-de-Bretagne
48.51685422044735, -1.6489424410136284;35;Ille-et-Vilaine;35034;La Boussac
48.246246869535845, -1.950394719384135;35;Ille-et-Vilaine;35135;Irodouër
47.937014395640006, -2.079635370133538;35;Ille-et-Vilaine;35160;Loutehel
48.14704266360746, -1.352562451995908;35;Ille-et-Vilaine;35166;Marpiré
48.52473153992315, -1.8951254491935552;35;Ille-et-Vilaine;35179;Miniac-Morvan
48.20427298994769, -2.0654492330225964;35;Ille-et-Vilaine;35184;Montauban-de-Bretagne
48.091422506563276, -1.505239433810198;35;Ille-et-Vilaine;35207;Noyal-sur-Vilaine
48.01351680305809, -1.4215004847157346;35;Ille-et-Vilaine;35220;Piré-Chancé
48.2377992575257, -2.1437199063856895;35;Ille-et-Vilaine;35234;Quédillac
48.545817989333564, -1.8175189776058154;35;Ille-et-Vilaine;35246;Roz-Landrieux
48.51298947716827, -1.2351772725971935;35;Ille-et-Vilaine;35271;Saint-Georges-de-Reintembault
48.09437214122615, -2.1115323559307053;35;Ille-et-Vilaine;35290;Saint-Malon-sur-Mel
48.33454864334593, -1.499153613481337;35;Ille-et-Vilaine;35355;Vieux-Vy-sur-Couesnon
48.48938971781212, -3.132212146735206;22;Côtes-d'Armor;22271;Saint-Adrien
48.43524954757208, -3.065248795767099;22;Côtes-d'Armor;22335;Senven-Léhart
48.332359750678485, -2.3198028238153525;22;Côtes-d'Armor;22337;Sévignac
48.56030751476144, -2.063739677699312;22;Côtes-d'Armor;22368;Tréméreuc
48.02711612992852, -3.823393220780043;29;Finistère;29281;Tourch
